Workbook

Sheet NAMA PRODUK
A1: KODE PRODUK | B1: NAMA PRODUK | C1: HARGA
A2: G | B2: GOTIK | C2: 71500
A3: E | B3: EKSIS | C3: 71500
A4: GS | B4: G SLAYER | C4: 83500
A5: IDH | B5: INDAH | C5: 83500
A6: KIM | B6: KIMONO | C6: 78500
A7: PE | B7: PLISKET EKSIS | C7: 73500
A8: PG | B8: PLISKET GOTIK | C8: 73500
A9: PS | B9: PLISKET SLAYER | C9: 85500
A10: KB | B10: KUTU BARU | C10: 58500

Sheet ORDER
B2: NO | C2: KODE PRODUK | D2: NAMA PRODUK | E2: JUMLAH ORDERAN | F2: TANGGAL ORDERAN MASUK | G2: HARGA | H2: TOTAL | L2: KODE
B3: 1 | D3: =IFERROR(VLOOKUP(C3,'NAMA PRODUK'!A1:B10,2,0),"") | G3: =IFERROR(VLOOKUP(C3,'NAMA PRODUK'!A1:C10,3,0),"") | H3: =IFERROR(E3*G3,"") | L3: G | M3: GOTIK
B4: 2 | D4: =IFERROR(VLOOKUP(C4,'NAMA PRODUK'!A2:B11,2,0),"") | G4: =IFERROR(VLOOKUP(C4,'NAMA PRODUK'!A2:C11,3,0),"") | H4: =IFERROR(E4*G4,"") | L4: E | M4: EKSIS
B5: 3 | D5: =IFERROR(VLOOKUP(C5,'NAMA PRODUK'!A3:B12,2,0),"") | G5: =IFERROR(VLOOKUP(C5,'NAMA PRODUK'!A3:C12,3,0),"") | H5: =IFERROR(E5*G5,"") | L5: GS | M5: G SLAYER
B6: 4 | D6: =IFERROR(VLOOKUP(C6,'NAMA PRODUK'!A4:B13,2,0),"") | G6: =IFERROR(VLOOKUP(C6,'NAMA PRODUK'!A4:C13,3,0),"") | H6: =IFERROR(E6*G6,"") | L6: IDH | M6: INDAH
B7: 5 | D7: =IFERROR(VLOOKUP(C7,'NAMA PRODUK'!A5:B14,2,0),"") | G7: =IFERROR(VLOOKUP(C7,'NAMA PRODUK'!A5:C14,3,0),"") | H7: =IFERROR(E7*G7,"") | L7: KIM | M7: KIMONO
B8: 6 | D8: =IFERROR(VLOOKUP(C8,'NAMA PRODUK'!A6:B15,2,0),"") | G8: =IFERROR(VLOOKUP(C8,'NAMA PRODUK'!A6:C15,3,0),"") | H8: =IFERROR(E8*G8,"") | L8: PE | M8: PLISKET EKSIS
B9: 7 | D9: =IFERROR(VLOOKUP(C9,'NAMA PRODUK'!A7:B16,2,0),"") | G9: =IFERROR(VLOOKUP(C9,'NAMA PRODUK'!A7:C16,3,0),"") | H9: =IFERROR(E9*G9,"") | L9: PG | M9: PLISKET GOTIK
B10: 8 | D10: =IFERROR(VLOOKUP(C10,'NAMA PRODUK'!A8:B17,2,0),"") | G10: =IFERROR(VLOOKUP(C10,'NAMA PRODUK'!A8:C17,3,0),"") | H10: =IFERROR(E10*G10,"") | L10: PS | M10: PLISKET SLAYER
B11: 9 | D11: =IFERROR(VLOOKUP(C11,'NAMA PRODUK'!A9:B18,2,0),"") | G11: =IFERROR(VLOOKUP(C11,'NAMA PRODUK'!A9:C18,3,0),"") | H11: =IFERROR(E11*G11,"") | L11: KB | M11: KUTU BARU
B12: 10 | D12: =IFERROR(VLOOKUP(C12,'NAMA PRODUK'!A10:B19,2,0),"") | G12: =IFERROR(VLOOKUP(C12,'NAMA PRODUK'!A10:C19,3,0),"") | H12: =IFERROR(E12*G12,"")
B13: 11 | D13: =IFERROR(VLOOKUP(C13,'NAMA PRODUK'!A11:B20,2,0),"") | G13: =IFERROR(VLOOKUP(C13,'NAMA PRODUK'!A11:C20,3,0),"") | H13: =IFERROR(E13*G13,"")
B14: 12 | D14: =IFERROR(VLOOKUP(C14,'NAMA PRODUK'!A12:B21,2,0),"") | G14: =IFERROR(VLOOKUP(C14,'NAMA PRODUK'!A12:C21,3,0),"") | H14: =IFERROR(E14*G14,"")
B15: 13 | D15: =IFERROR(VLOOKUP(C15,'NAMA PRODUK'!A13:B22,2,0),"") | G15: =IFERROR(VLOOKUP(C15,'NAMA PRODUK'!A13:C22,3,0),"") | H15: =IFERROR(E15*G15,"")
B16: 14 | D16: =IFERROR(VLOOKUP(C16,'NAMA PRODUK'!A14:B23,2,0),"") | G16: =IFERROR(VLOOKUP(C16,'NAMA PRODUK'!A14:C23,3,0),"") | H16: =IFERROR(E16*G16,"")
B17: 15 | D17: =IFERROR(VLOOKUP(C17,'NAMA PRODUK'!A15:B24,2,0),"") | G17: =IFERROR(VLOOKUP(C17,'NAMA PRODUK'!A15:C24,3,0),"") | H17: =IFERROR(E17*G17,"")
B18: 16 | D18: =IFERROR(VLOOKUP(C18,'NAMA PRODUK'!A16:B25,2,0),"") | G18: =IFERROR(VLOOKUP(C18,'NAMA PRODUK'!A16:C25,3,0),"") | H18: =IFERROR(E18*G18,"")
B19: 17 | D19: =IFERROR(VLOOKUP(C19,'NAMA PRODUK'!A17:B26,2,0),"") | G19: =IFERROR(VLOOKUP(C19,'NAMA PRODUK'!A17:C26,3,0),"") | H19: =IFERROR(E19*G19,"")
B20: 18 | D20: =IFERROR(VLOOKUP(C20,'NAMA PRODUK'!A18:B27,2,0),"") | G20: =IFERROR(VLOOKUP(C20,'NAMA PRODUK'!A18:C27,3,0),"") | H20: =IFERROR(E20*G20,"")
B21: 19 | D21: =IFERROR(VLOOKUP(C21,'NAMA PRODUK'!A19:B28,2,0),"") | G21: =IFERROR(VLOOKUP(C21,'NAMA PRODUK'!A19:C28,3,0),"") | H21: =IFERROR(E21*G21,"")
B22: 20 | D22: =IFERROR(VLOOKUP(C22,'NAMA PRODUK'!A20:B29,2,0),"") | G22: =IFERROR(VLOOKUP(C22,'NAMA PRODUK'!A20:C29,3,0),"") | H22: =IFERROR(E22*G22,"")
B23: TOTAL | H23: =SUM(H3:H22) -> 0
