Workbook

Sheet DATA
A1: MAHOGANY | B1: GOTIK | C1: JIMAT/FERRY | D1: ACIL | E1: MIMIH | F1: BROKAT
A2: BURGUNDY | B2: SLAYER | C2: JIMAT/EKI | D2: KANE | E2: BI NUR | F2: TILLE
A3: DENIM | B3: KUTUBARU | C3: JIMAT/RANGGA | D3: THE YANI | F3: FUKORO
A4: COKSU | B4: JANGGAN PENDEK | C4: FERRY/RANGGA | D4: MAMAH FAHMI | F4: PURING
A5: NAVY | B5: JANGGAN PANJANG | C5: JIMAT/GILANG | D5: BU NANANG | F5: ROK BATIK
A6: HITAM | B6: ROK DUYUNG | C6: RANGGA/GILANG | D6: BU KARLAN
A7: DUSTY | B7: ROK PLISKET | D7: BU ENUNG
A8: BABYBLUE | D8: MAMAH
A9: MAROON | D9: KARLINA
A10: GOLD | D10: KIKI
A11: SAGE | D11: SITI
A12: EMERALD GREEN
A13: FUCIA
A14: SILVER
A15: EMERALD BLUE
A16: BROKEN WHITE
A17: MILO
A18: BUTTER YELLOW
A19: ROSEGOLD
A20: DUSTY HITAM

Sheet BAHAN
A1: TANGGAL | B1: TEAM CUTTING | C1: BAHAN | D1: VARIAN WARNA | E1: ROLL | F1: ROLL | G1: JUMLAH | J1: STOCK | Q1: INCOMING
B2: JIMAT/FERRY | C2: BROKAT | D2: DENIM | E2: 4 | G2: =E2+F2 -> 4
C3: BROKAT | D3: BURGUNDY | E3: 2 | G3: =E3+F3 -> 2 | J3: WARNA | K3: BROKAT | L3: TILLE | M3: FUKORO | N3: PURING | O3: ROK BATIK | S3: NO | T3: TANGGAL | U3: BAHAN | V3: WARNA | W3: ROLL
G4: =E4+F4 -> 0 | J4: MAHOGANY | K4: =-SUMIFS($G:$G,$C:$C,"BROKAT",$D:$D,"MAHOGANY")+SUMIFS($W:$W,$U:$U,"BROKAT",$V:$V,"MAHOGANY")+K35 -> 3 | L4: =-SUMIFS($G:$G,$C:$C,"TILLE",$D:$D,"MAHOGANY")+SUMIFS($W:$W,$U:$U,"TILLE",$V:$V,"MAHOGANY")+L35 -> 3 | M4: =-SUMIFS($G:$G,$C:$C,"FUKORO",$D:$D,"MAHOGANY")+SUMIFS($W:$W,$U:$U,"FUKORO",$V:$V,"MAHOGANY")+M35 -> 3 | N4: =-SUMIFS($G:$G,$C:$C,"PURING",$D:$D,"MAHOGANY")+SUMIFS($W:$W,$U:$U,"PURING",$V:$V,"MAHOGANY")+N35 -> 3 | O4: =-SUMIFS($G:$G,$C:$C,"ROK BATIK",$D:$D,"MAHOGANY")+SUMIFS($W:$W,$U:$U,"ROK BATIK",$V:$V,"MAHOGANY")+O35 -> 3 | U4: BROKAT | V4: DENIM | W4: 5
G5: =E5+F5 -> 0 | J5: BURGUNDY | K5: =-SUMIFS($G:$G,$C:$C,"BROKAT",$D:$D,"BURGUNDY")+SUMIFS($W:$W,$U:$U,"BROKAT",$V:$V,"BURGUNDY")+K36 -> 1 | L5: =-SUMIFS($G:$G,$C:$C,"TILLE",$D:$D,"BURGUNDY")+SUMIFS($W:$W,$U:$U,"TILLE",$V:$V,"BURGUNDY")+L36 -> 3 | M5: =-SUMIFS($G:$G,$C:$C,"FUKORO",$D:$D,"BURGUNDY")+SUMIFS($W:$W,$U:$U,"FUKORO",$V:$V,"BURGUNDY")+M36 -> 3 | N5: =-SUMIFS($G:$G,$C:$C,"PURING",$D:$D,"BURGUNDY")+SUMIFS($W:$W,$U:$U,"PURING",$V:$V,"BURGUNDY")+N36 -> 3 | O5: =-SUMIFS($G:$G,$C:$C,"ROK BATIK",$D:$D,"BURGUNDY")+SUMIFS($W:$W,$U:$U,"ROK BATIK",$V:$V,"BURGUNDY")+O36 -> 3
G6: =E6+F6 -> 0 | J6: DENIM | K6: =-SUMIFS($G:$G,$C:$C,"BROKAT",$D:$D,"DENIM")+SUMIFS($W:$W,$U:$U,"BROKAT",$V:$V,"DENIM")+K37 -> 4 | L6: =-SUMIFS($G:$G,$C:$C,"TILLE",$D:$D,"DENIM")+SUMIFS($W:$W,$U:$U,"TILLE",$V:$V,"DENIM")+L37 -> 3 | M6: =-SUMIFS($G:$G,$C:$C,"FUKORO",$D:$D,"DENIM")+SUMIFS($W:$W,$U:$U,"FUKORO",$V:$V,"DENIM")+M37 -> 3 | N6: =-SUMIFS($G:$G,$C:$C,"PURING",$D:$D,"DENIM")+SUMIFS($W:$W,$U:$U,"PURING",$V:$V,"DENIM")+N37 -> 3 | O6: =-SUMIFS($G:$G,$C:$C,"ROK BATIK",$D:$D,"DENIM")+SUMIFS($W:$W,$U:$U,"ROK BATIK",$V:$V,"DENIM")+O37 -> 3
G7: =E7+F7 -> 0 | J7: COKSU | K7: =-SUMIFS($G:$G,$C:$C,"BROKAT",$D:$D,"COKSU")+SUMIFS($W:$W,$U:$U,"BROKAT",$V:$V,"COKSU")+K38 -> 3 | L7: =-SUMIFS($G:$G,$C:$C,"TILLE",$D:$D,"COKSU")+SUMIFS($W:$W,$U:$U,"TILLE",$V:$V,"COKSU")+L38 -> 3 | M7: =-SUMIFS($G:$G,$C:$C,"FUKORO",$D:$D,"COKSU")+SUMIFS($W:$W,$U:$U,"FUKORO",$V:$V,"COKSU")+M38 -> 3 | N7: =-SUMIFS($G:$G,$C:$C,"PURING",$D:$D,"COKSU")+SUMIFS($W:$W,$U:$U,"PURING",$V:$V,"COKSU")+N38 -> 3 | O7: =-SUMIFS($G:$G,$C:$C,"ROK BATIK",$D:$D,"COKSU")+SUMIFS($W:$W,$U:$U,"ROK BATIK",$V:$V,"COKSU")+O38 -> 3
G8: =E8+F8 -> 0 | J8: NAVY | K8: =-SUMIFS($G:$G,$C:$C,"BROKAT",$D:$D,"NAVY")+SUMIFS($W:$W,$U:$U,"BROKAT",$V:$V,"NAVY")+K39 -> 3 | L8: =-SUMIFS($G:$G,$C:$C,"TILLE",$D:$D,"NAVY")+SUMIFS($W:$W,$U:$U,"TILLE",$V:$V,"NAVY")+L39 -> 3 | M8: =-SUMIFS($G:$G,$C:$C,"FUKORO",$D:$D,"NAVY")+SUMIFS($W:$W,$U:$U,"FUKORO",$V:$V,"NAVY")+M39 -> 3 | N8: =-SUMIFS($G:$G,$C:$C,"PURING",$D:$D,"NAVY")+SUMIFS($W:$W,$U:$U,"PURING",$V:$V,"NAVY")+N39 -> 3 | O8: =-SUMIFS($G:$G,$C:$C,"ROK BATIK",$D:$D,"NAVY")+SUMIFS($W:$W,$U:$U,"ROK BATIK",$V:$V,"NAVY")+O39 -> 3
G9: =E9+F9 -> 0 | J9: HITAM | K9: =-SUMIFS($G:$G,$C:$C,"BROKAT",$D:$D,"HITAM")+SUMIFS($W:$W,$U:$U,"BROKAT",$V:$V,"HITAM")+K40 -> 3 | L9: =-SUMIFS($G:$G,$C:$C,"TILLE",$D:$D,"HITAM")+SUMIFS($W:$W,$U:$U,"TILLE",$V:$V,"HITAM")+L40 -> 3 | M9: =-SUMIFS($G:$G,$C:$C,"FUKORO",$D:$D,"HITAM")+SUMIFS($W:$W,$U:$U,"FUKORO",$V:$V,"HITAM")+M40 -> 3 | N9: =-SUMIFS($G:$G,$C:$C,"PURING",$D:$D,"HITAM")+SUMIFS($W:$W,$U:$U,"PURING",$V:$V,"HITAM")+N40 -> 3 | O9: =-SUMIFS($G:$G,$C:$C,"ROK BATIK",$D:$D,"HITAM")+SUMIFS($W:$W,$U:$U,"ROK BATIK",$V:$V,"HITAM")+O40 -> 3
G10: =E10+F10 -> 0 | J10: DUSTY | K10: =-SUMIFS($G:$G,$C:$C,"BROKAT",$D:$D,"DUSTY")+SUMIFS($W:$W,$U:$U,"BROKAT",$V:$V,"DUSTY")+K41 -> 3 | L10: =-SUMIFS($G:$G,$C:$C,"TILLE",$D:$D,"DUSTY")+SUMIFS($W:$W,$U:$U,"TILLE",$V:$V,"DUSTY")+L41 -> 3 | M10: =-SUMIFS($G:$G,$C:$C,"FUKORO",$D:$D,"DUSTY")+SUMIFS($W:$W,$U:$U,"FUKORO",$V:$V,"DUSTY")+M41 -> 3 | N10: =-SUMIFS($G:$G,$C:$C,"PURING",$D:$D,"DUSTY")+SUMIFS($W:$W,$U:$U,"PURING",$V:$V,"DUSTY")+N41 -> 3 | O10: =-SUMIFS($G:$G,$C:$C,"ROK BATIK",$D:$D,"DUSTY")+SUMIFS($W:$W,$U:$U,"ROK BATIK",$V:$V,"DUSTY")+O41 -> 3
G11: =E11+F11 -> 0 | J11: BABYBLUE | K11: =-SUMIFS($G:$G,$C:$C,"BROKAT",$D:$D,"BABYBLUE")+SUMIFS($W:$W,$U:$U,"BROKAT",$V:$V,"BABYBLUE")+K42 -> 3 | L11: =-SUMIFS($G:$G,$C:$C,"TILLE",$D:$D,"BABYBLUE")+SUMIFS($W:$W,$U:$U,"TILLE",$V:$V,"BABYBLUE")+L42 -> 3 | M11: =-SUMIFS($G:$G,$C:$C,"FUKORO",$D:$D,"BABYBLUE")+SUMIFS($W:$W,$U:$U,"FUKORO",$V:$V,"BABYBLUE")+M42 -> 3 | N11: =-SUMIFS($G:$G,$C:$C,"PURING",$D:$D,"BABYBLUE")+SUMIFS($W:$W,$U:$U,"PURING",$V:$V,"BABYBLUE")+N42 -> 3 | O11: =-SUMIFS($G:$G,$C:$C,"ROK BATIK",$D:$D,"BABYBLUE")+SUMIFS($W:$W,$U:$U,"ROK BATIK",$V:$V,"BABYBLUE")+O42 -> 3
G12: =E12+F12 -> 0 | J12: MAROON | K12: =-SUMIFS($G:$G,$C:$C,"BROKAT",$D:$D,"MAROON")+SUMIFS($W:$W,$U:$U,"BROKAT",$V:$V,"MAROON")+K43 -> 3 | L12: =-SUMIFS($G:$G,$C:$C,"TILLE",$D:$D,"MAROON")+SUMIFS($W:$W,$U:$U,"TILLE",$V:$V,"MAROON")+L43 -> 3 | M12: =-SUMIFS($G:$G,$C:$C,"FUKORO",$D:$D,"MAROON")+SUMIFS($W:$W,$U:$U,"FUKORO",$V:$V,"MAROON")+M43 -> 3 | N12: =-SUMIFS($G:$G,$C:$C,"PURING",$D:$D,"MAROON")+SUMIFS($W:$W,$U:$U,"PURING",$V:$V,"MAROON")+N43 -> 3 | O12: =-SUMIFS($G:$G,$C:$C,"ROK BATIK",$D:$D,"MAROON")+SUMIFS($W:$W,$U:$U,"ROK BATIK",$V:$V,"MAROON")+O43 -> 3
G13: =E13+F13 -> 0 | J13: GOLD | K13: =-SUMIFS($G:$G,$C:$C,"BROKAT",$D:$D,"GOLD")+SUMIFS($W:$W,$U:$U,"BROKAT",$V:$V,"GOLD")+K44 -> 3 | L13: =-SUMIFS($G:$G,$C:$C,"TILLE",$D:$D,"GOLD")+SUMIFS($W:$W,$U:$U,"TILLE",$V:$V,"GOLD")+L44 -> 3 | M13: =-SUMIFS($G:$G,$C:$C,"FUKORO",$D:$D,"GOLD")+SUMIFS($W:$W,$U:$U,"FUKORO",$V:$V,"GOLD")+M44 -> 3 | N13: =-SUMIFS($G:$G,$C:$C,"PURING",$D:$D,"GOLD")+SUMIFS($W:$W,$U:$U,"PURING",$V:$V,"GOLD")+N44 -> 3 | O13: =-SUMIFS($G:$G,$C:$C,"ROK BATIK",$D:$D,"GOLD")+SUMIFS($W:$W,$U:$U,"ROK BATIK",$V:$V,"GOLD")+O44 -> 3
G14: =E14+F14 -> 0 | J14: SAGE | K14: =-SUMIFS($G:$G,$C:$C,"BROKAT",$D:$D,"SAGE")+SUMIFS($W:$W,$U:$U,"BROKAT",$V:$V,"SAGE")+K45 -> 3 | L14: =-SUMIFS($G:$G,$C:$C,"TILLE",$D:$D,"SAGE")+SUMIFS($W:$W,$U:$U,"TILLE",$V:$V,"SAGE")+L45 -> 3 | M14: =-SUMIFS($G:$G,$C:$C,"FUKORO",$D:$D,"SAGE")+SUMIFS($W:$W,$U:$U,"FUKORO",$V:$V,"SAGE")+M45 -> 3 | N14: =-SUMIFS($G:$G,$C:$C,"PURING",$D:$D,"SAGE")+SUMIFS($W:$W,$U:$U,"PURING",$V:$V,"SAGE")+N45 -> 3 | O14: =-SUMIFS($G:$G,$C:$C,"ROK BATIK",$D:$D,"SAGE")+SUMIFS($W:$W,$U:$U,"ROK BATIK",$V:$V,"SAGE")+O45 -> 3
G15: =E15+F15 -> 0 | J15: EMERALD GREEN | K15: =-SUMIFS($G:$G,$C:$C,"BROKAT",$D:$D,"EMERALD GREEN")+SUMIFS($W:$W,$U:$U,"BROKAT",$V:$V,"EMERALD GREEN")+K46 -> 3 | L15: =-SUMIFS($G:$G,$C:$C,"TILLE",$D:$D,"EMERALD GREEN")+SUMIFS($W:$W,$U:$U,"TILLE",$V:$V,"EMERALD GREEN")+L46 -> 3 | M15: =-SUMIFS($G:$G,$C:$C,"FUKORO",$D:$D,"EMERALD GREEN")+SUMIFS($W:$W,$U:$U,"FUKORO",$V:$V,"EMERALD GREEN")+M46 -> 3 | N15: =-SUMIFS($G:$G,$C:$C,"PURING",$D:$D,"EMERALD GREEN")+SUMIFS($W:$W,$U:$U,"PURING",$V:$V,"EMERALD GREEN")+N46 -> 3 | O15: =-SUMIFS($G:$G,$C:$C,"ROK BATIK",$D:$D,"EMERALD GREEN")+SUMIFS($W:$W,$U:$U,"ROK BATIK",$V:$V,"EMERALD GREEN")+O46 -> 3
G16: =E16+F16 -> 0 | J16: FUCIA | K16: =-SUMIFS($G:$G,$C:$C,"BROKAT",$D:$D,"FUCIA")+SUMIFS($W:$W,$U:$U,"BROKAT",$V:$V,"FUCIA")+K47 -> 3 | L16: =-SUMIFS($G:$G,$C:$C,"TILLE",$D:$D,"FUCIA")+SUMIFS($W:$W,$U:$U,"TILLE",$V:$V,"FUCIA")+L47 -> 3 | M16: =-SUMIFS($G:$G,$C:$C,"FUKORO",$D:$D,"FUCIA")+SUMIFS($W:$W,$U:$U,"FUKORO",$V:$V,"FUCIA")+M47 -> 3 | N16: =-SUMIFS($G:$G,$C:$C,"PURING",$D:$D,"FUCIA")+SUMIFS($W:$W,$U:$U,"PURING",$V:$V,"FUCIA")+N47 -> 3 | O16: =-SUMIFS($G:$G,$C:$C,"ROK BATIK",$D:$D,"FUCIA")+SUMIFS($W:$W,$U:$U,"ROK BATIK",$V:$V,"FUCIA")+O47 -> 3
G17: =E17+F17 -> 0 | J17: SILVER | K17: =-SUMIFS($G:$G,$C:$C,"BROKAT",$D:$D,"SILVER")+SUMIFS($W:$W,$U:$U,"BROKAT",$V:$V,"SILVER")+K48 -> 3 | L17: =-SUMIFS($G:$G,$C:$C,"TILLE",$D:$D,"SILVER")+SUMIFS($W:$W,$U:$U,"TILLE",$V:$V,"SILVER")+L48 -> 3 | M17: =-SUMIFS($G:$G,$C:$C,"FUKORO",$D:$D,"SILVER")+SUMIFS($W:$W,$U:$U,"FUKORO",$V:$V,"SILVER")+M48 -> 3 | N17: =-SUMIFS($G:$G,$C:$C,"PURING",$D:$D,"SILVER")+SUMIFS($W:$W,$U:$U,"PURING",$V:$V,"SILVER")+N48 -> 3 | O17: =-SUMIFS($G:$G,$C:$C,"ROK BATIK",$D:$D,"SILVER")+SUMIFS($W:$W,$U:$U,"ROK BATIK",$V:$V,"SILVER")+O48 -> 3
G18: =E18+F18 -> 0 | J18: EMERALD BLUE | K18: =-SUMIFS($G:$G,$C:$C,"BROKAT",$D:$D,"EMERALD BLUE")+SUMIFS($W:$W,$U:$U,"BROKAT",$V:$V,"EMERALD BLUE")+K49 -> 3 | L18: =-SUMIFS($G:$G,$C:$C,"TILLE",$D:$D,"EMERALD BLUE")+SUMIFS($W:$W,$U:$U,"TILLE",$V:$V,"EMERALD BLUE")+L49 -> 3 | M18: =-SUMIFS($G:$G,$C:$C,"FUKORO",$D:$D,"EMERALD BLUE")+SUMIFS($W:$W,$U:$U,"FUKORO",$V:$V,"EMERALD BLUE")+M49 -> 3 | N18: =-SUMIFS($G:$G,$C:$C,"PURING",$D:$D,"EMERALD BLUE")+SUMIFS($W:$W,$U:$U,"PURING",$V:$V,"EMERALD BLUE")+N49 -> 3 | O18: =-SUMIFS($G:$G,$C:$C,"ROK BATIK",$D:$D,"EMERALD BLUE")+SUMIFS($W:$W,$U:$U,"ROK BATIK",$V:$V,"EMERALD BLUE")+O49 -> 3
G19: =E19+F19 -> 0 | J19: BROKEN WHITE | K19: =-SUMIFS($G:$G,$C:$C,"BROKAT",$D:$D,"BROKEN WHITE")+SUMIFS($W:$W,$U:$U,"BROKAT",$V:$V,"BROKEN WHITE")+K50 -> 3 | L19: =-SUMIFS($G:$G,$C:$C,"TILLE",$D:$D,"BROKEN WHITE")+SUMIFS($W:$W,$U:$U,"TILLE",$V:$V,"BROKEN WHITE")+L50 -> 3 | M19: =-SUMIFS($G:$G,$C:$C,"FUKORO",$D:$D,"BROKEN WHITE")+SUMIFS($W:$W,$U:$U,"FUKORO",$V:$V,"BROKEN WHITE")+M50 -> 3 | N19: =-SUMIFS($G:$G,$C:$C,"PURING",$D:$D,"BROKEN WHITE")+SUMIFS($W:$W,$U:$U,"PURING",$V:$V,"BROKEN WHITE")+N50 -> 3 | O19: =-SUMIFS($G:$G,$C:$C,"ROK BATIK",$D:$D,"BROKEN WHITE")+SUMIFS($W:$W,$U:$U,"ROK BATIK",$V:$V,"BROKEN WHITE")+O50 -> 3
G20: =E20+F20 -> 0 | J20: MILO | K20: =-SUMIFS($G:$G,$C:$C,"BROKAT",$D:$D,"MILO")+SUMIFS($W:$W,$U:$U,"BROKAT",$V:$V,"MILO")+K51 -> 3 | L20: =-SUMIFS($G:$G,$C:$C,"TILLE",$D:$D,"MILO")+SUMIFS($W:$W,$U:$U,"TILLE",$V:$V,"MILO")+L51 -> 3 | M20: =-SUMIFS($G:$G,$C:$C,"FUKORO",$D:$D,"MILO")+SUMIFS($W:$W,$U:$U,"FUKORO",$V:$V,"MILO")+M51 -> 3 | N20: =-SUMIFS($G:$G,$C:$C,"PURING",$D:$D,"MILO")+SUMIFS($W:$W,$U:$U,"PURING",$V:$V,"MILO")+N51 -> 3 | O20: =-SUMIFS($G:$G,$C:$C,"ROK BATIK",$D:$D,"MILO")+SUMIFS($W:$W,$U:$U,"ROK BATIK",$V:$V,"MILO")+O51 -> 3
G21: =E21+F21 -> 0 | J21: BUTTER YELLOW | K21: =-SUMIFS($G:$G,$C:$C,"BROKAT",$D:$D,"BUTTER YELLOW")+SUMIFS($W:$W,$U:$U,"BROKAT",$V:$V,"BUTTER YELLOW")+K52 -> 3 | L21: =-SUMIFS($G:$G,$C:$C,"TILLE",$D:$D,"BUTTER YELLOW")+SUMIFS($W:$W,$U:$U,"TILLE",$V:$V,"BUTTER YELLOW")+L52 -> 3 | M21: =-SUMIFS($G:$G,$C:$C,"FUKORO",$D:$D,"BUTTER YELLOW")+SUMIFS($W:$W,$U:$U,"FUKORO",$V:$V,"BUTTER YELLOW")+M52 -> 3 | N21: =-SUMIFS($G:$G,$C:$C,"PURING",$D:$D,"BUTTER YELLOW")+SUMIFS($W:$W,$U:$U,"PURING",$V:$V,"BUTTER YELLOW")+N52 -> 3 | O21: =-SUMIFS($G:$G,$C:$C,"ROK BATIK",$D:$D,"BUTTER YELLOW")+SUMIFS($W:$W,$U:$U,"ROK BATIK",$V:$V,"BUTTER YELLOW")+O52 -> 3
G22: =E22+F22 -> 0 | J22: ROSEGOLD | K22: =-SUMIFS($G:$G,$C:$C,"BROKAT",$D:$D,"ROSEGOLD")+SUMIFS($W:$W,$U:$U,"BROKAT",$V:$V,"ROSEGOLD")+K53 -> 3 | L22: =-SUMIFS($G:$G,$C:$C,"TILLE",$D:$D,"ROSEGOLD")+SUMIFS($W:$W,$U:$U,"TILLE",$V:$V,"ROSEGOLD")+L53 -> 3 | M22: =-SUMIFS($G:$G,$C:$C,"FUKORO",$D:$D,"ROSEGOLD")+SUMIFS($W:$W,$U:$U,"FUKORO",$V:$V,"ROSEGOLD")+M53 -> 3 | N22: =-SUMIFS($G:$G,$C:$C,"PURING",$D:$D,"ROSEGOLD")+SUMIFS($W:$W,$U:$U,"PURING",$V:$V,"ROSEGOLD")+N53 -> 3 | O22: =-SUMIFS($G:$G,$C:$C,"ROK BATIK",$D:$D,"ROSEGOLD")+SUMIFS($W:$W,$U:$U,"ROK BATIK",$V:$V,"ROSEGOLD")+O53 -> 3
G23: =E23+F23 -> 0 | J23: DUSTY HITAM | K23: =-SUMIFS($G:$G,$C:$C,"BROKAT",$D:$D,"DUSTY HITAM")+SUMIFS($W:$W,$U:$U,"BROKAT",$V:$V,"DUSTY HITAM")+K54 -> 3 | L23: =-SUMIFS($G:$G,$C:$C,"TILLE",$D:$D,"DUSTY HITAM")+SUMIFS($W:$W,$U:$U,"TILLE",$V:$V,"DUSTY HITAM")+L54 -> 3 | M23: =-SUMIFS($G:$G,$C:$C,"FUKORO",$D:$D,"DUSTY HITAM")+SUMIFS($W:$W,$U:$U,"FUKORO",$V:$V,"DUSTY HITAM")+M54 -> 3 | N23: =-SUMIFS($G:$G,$C:$C,"PURING",$D:$D,"DUSTY HITAM")+SUMIFS($W:$W,$U:$U,"PURING",$V:$V,"DUSTY HITAM")+N54 -> 3 | O23: =-SUMIFS($G:$G,$C:$C,"ROK BATIK",$D:$D,"DUSTY HITAM")+SUMIFS($W:$W,$U:$U,"ROK BATIK",$V:$V,"DUSTY HITAM")+O54 -> 3
G24: =E24+F24 -> 0
G25: =E25+F25 -> 0
G26: =E26+F26 -> 0
G27: =E27+F27 -> 0
G28: =E28+F28 -> 0
G29: =E29+F29 -> 0
G30: =E30+F30 -> 0
G31: =E31+F31 -> 0 | K31: STOCK OPNAME
G32: =E32+F32 -> 0
G33: =E33+F33 -> 0
G34: =E34+F34 -> 0 | J34: WARNA | K34: BROKAT | L34: TILLE | M34: FUKORO | N34: PURING | O34: ROK BATIK
G35: =E35+F35 -> 0 | J35: MAHOGANY | K35: 3 | L35: 3 | M35: 3 | N35: 3 | O35: 3
G36: =E36+F36 -> 0 | J36: BURGUNDY | K36: 3 | L36: 3 | M36: 3 | N36: 3 | O36: 3
G37: =E37+F37 -> 0 | J37: DENIM | K37: 3 | L37: 3 | M37: 3 | N37: 3 | O37: 3
G38: =E38+F38 -> 0 | J38: COKSU | K38: 3 | L38: 3 | M38: 3 | N38: 3 | O38: 3
G39: =E39+F39 -> 0 | J39: NAVY | K39: 3 | L39: 3 | M39: 3 | N39: 3 | O39: 3
G40: =E40+F40 -> 0 | J40: HITAM | K40: 3 | L40: 3 | M40: 3 | N40: 3 | O40: 3
G41: =E41+F41 -> 0 | J41: DUSTY | K41: 3 | L41: 3 | M41: 3 | N41: 3 | O41: 3
G42: =E42+F42 -> 0 | J42: BABYBLUE | K42: 3 | L42: 3 | M42: 3 | N42: 3 | O42: 3
G43: =E43+F43 -> 0 | J43: MAROON | K43: 3 | L43: 3 | M43: 3 | N43: 3 | O43: 3
G44: =E44+F44 -> 0 | J44: GOLD | K44: 3 | L44: 3 | M44: 3 | N44: 3 | O44: 3
G45: =E45+F45 -> 0 | J45: SAGE | K45: 3 | L45: 3 | M45: 3 | N45: 3 | O45: 3
G46: =E46+F46 -> 0 | J46: EMERALD GREEN | K46: 3 | L46: 3 | M46: 3 | N46: 3 | O46: 3
... G54: =E54+F54 -> 0 | J54: DUSTY HITAM | K54: 3 | L54: 3 | M54: 3 | N54: 3 | O54: 3
G55: =E55+F55 -> 0
G56: =E56+F56 -> 0
G57: =E57+F57 -> 0
G58: =E58+F58 -> 0
G59: =E59+F59 -> 0
G60: =E60+F60 -> 0
G61: =E61+F61 -> 0
G62: =E62+F62 -> 0
G63: =E63+F63 -> 0
G64: =E64+F64 -> 0
G65: =E65+F65 -> 0
G66: =E66+F66 -> 0
... G369: =E369+F369 -> 0

Sheet CUTTING NEW
A1: TANGGAL | B1: TEAM CUTTING | C1: MODEL | D1: VARIAN WARNA | E1: ROLL | F1: Lebih size S | G1: 4/S | H1: 6/M | I1: 8/L | J1: 10/XL | K1: 12 | L1: 14 | M1: JUMLAH
M2: =SUM(F2:L2) -> 0
M3: =SUM(F3:L3) -> 0
M4: =SUM(F4:L4) -> 0
M5: =SUM(F5:L5) -> 0
M6: =SUM(F6:L6) -> 0
M7: =SUM(F7:L7) -> 0
M8: =SUM(F8:L8) -> 0
M9: =SUM(F9:L9) -> 0
M10: =SUM(F10:L10) -> 0
M11: =SUM(F11:L11) -> 0
M12: =SUM(F12:L12) -> 0
M13: =SUM(F13:L13) -> 0
... M369: =SUM(F369:L369) -> 0

Sheet PENJAHIT
A1: TANGGAL | B1: MODEL | C1: VARIAN WARNA | D1: Lebih size S | E1: 4/S | F1: 6/M | G1: 8/L | H1: 10/XL | I1: 12 | J1: 14 | K1: JUMLAH | L1: No Surat Jalan | M1: PENJAHIT | N1: TGL SETOR | O1: -/+ | P1: TOTAL | Q1: PENYELESAIAN | R1: KANCING | S1: TGL SETOR | T1: -/+ | U1: TOTAL | V1: PENYELESAIAN | AA1: SEARCH
B2: KUTUBARU | C2: MAHOGANY | E2: 30 | F2: 30 | G2: 30 | H2: 30 | K2: =SUM(D2:J2) -> 120 | M2: ACIL | N2: 46235 | O2: 100 | P2: =O2-K2 -> -20 | Q2: BELUM SELESAI | R2: BI NUR | U2: =T2-O2 -> -100 | AA2: TANGGAL | AB2: MODEL | AC2: VARIAN WARNA | AD2: Lebih size S | AE2: 4/S | AF2: 6/M | AG2: 8/L | AH2: 10/XL | AI2: 12 | AJ2: 14 | AK2: JUMLAH | AL2: No Surat Jalan | AM2: PENJAHIT | AN2: TGL SETOR | AO2: -/+ | AP2: TOTAL | AQ2: PENYELESAIAN | AR2: KANCING | AS2: TGL SETOR | AT2: -/+ | AU2: TOTAL | AV2: PENYELESAIAN
K3: =SUM(D3:J3) -> 0 | M3: KANE | P3: =O3-K3 -> 0 | U3: =T3-O3 -> 0 | AA3: {=_xlfn._xlws.FILTER(A2:V369,ISNUMBER(SEARCH(AB1,A2:A369&B2:B369&C2:C369&D2:D369&E2:E369&F2:F369&G2:G369&H2:H369&I2:I369&J2:J369&K2:K369&L2:L369&M2:M369&N2:N369&O2:O369&P2:P369&Q2:Q369&R2:R369&S2:S369&T2:T369&U2:U369&V2:V369)),"")} -> 0 | AB3: KUTUBARU | AC3: MAHOGANY | AD3: 0 | AE3: 30 | AF3: 30 | AG3: 30 | AH3: 30 | AI3: 0 | AJ3: 0 | AK3: 120 | AL3: 0 | AM3: ACIL | AN3: 46235 | AO3: 100 | AP3: -20 | AQ3: BELUM SELESAI | AR3: BI NUR | AS3: 0 | AT3: 0 | AU3: -100 | AV3: 0
K4: =SUM(D4:J4) -> 0 | P4: =O4-K4 -> 0 | U4: =T4-O4 -> 0 | AA4: 0 | AB4: 0 | AC4: 0 | AD4: 0 | AE4: 0 | AF4: 0 | AG4: 0 | AH4: 0 | AI4: 0 | AJ4: 0 | AK4: 0 | AL4: 0 | AM4: KANE | AN4: 0 | AO4: 0 | AP4: 0 | AQ4: 0 | AR4: 0 | AS4: 0 | AT4: 0 | AU4: 0 | AV4: 0
K5: =SUM(D5:J5) -> 0 | P5: =O5-K5 -> 0 | U5: =T5-O5 -> 0 | AA5: 0 | AB5: 0 | AC5: 0 | AD5: 0 | AE5: 0 | AF5: 0 | AG5: 0 | AH5: 0 | AI5: 0 | AJ5: 0 | AK5: 0 | AL5: 0 | AM5: 0 | AN5: 0 | AO5: 0 | AP5: 0 | AQ5: 0 | AR5: 0 | AS5: 0 | AT5: 0 | AU5: 0 | AV5: 0
K6: =SUM(D6:J6) -> 0 | P6: =O6-K6 -> 0 | U6: =T6-O6 -> 0 | AA6: 0 | AB6: 0 | AC6: 0 | AD6: 0 | AE6: 0 | AF6: 0 | AG6: 0 | AH6: 0 | AI6: 0 | AJ6: 0 | AK6: 0 | AL6: 0 | AM6: 0 | AN6: 0 | AO6: 0 | AP6: 0 | AQ6: 0 | AR6: 0 | AS6: 0 | AT6: 0 | AU6: 0 | AV6: 0
K7: =SUM(D7:J7) -> 0 | P7: =O7-K7 -> 0 | U7: =T7-O7 -> 0 | AA7: 0 | AB7: 0 | AC7: 0 | AD7: 0 | AE7: 0 | AF7: 0 | AG7: 0 | AH7: 0 | AI7: 0 | AJ7: 0 | AK7: 0 | AL7: 0 | AM7: 0 | AN7: 0 | AO7: 0 | AP7: 0 | AQ7: 0 | AR7: 0 | AS7: 0 | AT7: 0 | AU7: 0 | AV7: 0
K8: =SUM(D8:J8) -> 0 | P8: =O8-K8 -> 0 | U8: =T8-O8 -> 0 | AA8: 0 | AB8: 0 | AC8: 0 | AD8: 0 | AE8: 0 | AF8: 0 | AG8: 0 | AH8: 0 | AI8: 0 | AJ8: 0 | AK8: 0 | AL8: 0 | AM8: 0 | AN8: 0 | AO8: 0 | AP8: 0 | AQ8: 0 | AR8: 0 | AS8: 0 | AT8: 0 | AU8: 0 | AV8: 0
K9: =SUM(D9:J9) -> 0 | P9: =O9-K9 -> 0 | U9: =T9-O9 -> 0 | AA9: 0 | AB9: 0 | AC9: 0 | AD9: 0 | AE9: 0 | AF9: 0 | AG9: 0 | AH9: 0 | AI9: 0 | AJ9: 0 | AK9: 0 | AL9: 0 | AM9: 0 | AN9: 0 | AO9: 0 | AP9: 0 | AQ9: 0 | AR9: 0 | AS9: 0 | AT9: 0 | AU9: 0 | AV9: 0
K10: =SUM(D10:J10) -> 0 | P10: =O10-K10 -> 0 | U10: =T10-O10 -> 0 | AA10: 0 | AB10: 0 | AC10: 0 | AD10: 0 | AE10: 0 | AF10: 0 | AG10: 0 | AH10: 0 | AI10: 0 | AJ10: 0 | AK10: 0 | AL10: 0 | AM10: 0 | AN10: 0 | AO10: 0 | AP10: 0 | AQ10: 0 | AR10: 0 | AS10: 0 | AT10: 0 | AU10: 0 | AV10: 0
K11: =SUM(D11:J11) -> 0 | P11: =O11-K11 -> 0 | U11: =T11-O11 -> 0 | AA11: 0 | AB11: 0 | AC11: 0 | AD11: 0 | AE11: 0 | AF11: 0 | AG11: 0 | AH11: 0 | AI11: 0 | AJ11: 0 | AK11: 0 | AL11: 0 | AM11: 0 | AN11: 0 | AO11: 0 | AP11: 0 | AQ11: 0 | AR11: 0 | AS11: 0 | AT11: 0 | AU11: 0 | AV11: 0
K12: =SUM(D12:J12) -> 0 | P12: =O12-K12 -> 0 | U12: =T12-O12 -> 0 | AA12: 0 | AB12: 0 | AC12: 0 | AD12: 0 | AE12: 0 | AF12: 0 | AG12: 0 | AH12: 0 | AI12: 0 | AJ12: 0 | AK12: 0 | AL12: 0 | AM12: 0 | AN12: 0 | AO12: 0 | AP12: 0 | AQ12: 0 | AR12: 0 | AS12: 0 | AT12: 0 | AU12: 0 | AV12: 0
K13: =SUM(D13:J13) -> 0 | P13: =O13-K13 -> 0 | U13: =T13-O13 -> 0 | AA13: 0 | AB13: 0 | AC13: 0 | AD13: 0 | AE13: 0 | AF13: 0 | AG13: 0 | AH13: 0 | AI13: 0 | AJ13: 0 | AK13: 0 | AL13: 0 | AM13: 0 | AN13: 0 | AO13: 0 | AP13: 0 | AQ13: 0 | AR13: 0 | AS13: 0 | AT13: 0 | AU13: 0 | AV13: 0
K14: =SUM(D14:J14) -> 0 | P14: =O14-K14 -> 0 | U14: =T14-O14 -> 0 | AA14: 0 | AB14: 0 | AC14: 0 | AD14: 0 | AE14: 0 | AF14: 0 | AG14: 0 | AH14: 0 | AI14: 0 | AJ14: 0 | AK14: 0 | AL14: 0 | AM14: 0 | AN14: 0 | AO14: 0 | AP14: 0 | AQ14: 0 | AR14: 0 | AS14: 0 | AT14: 0 | AU14: 0 | AV14: 0
K15: =SUM(D15:J15) -> 0 | P15: =O15-K15 -> 0 | U15: =T15-O15 -> 0 | AA15: 0 | AB15: 0 | AC15: 0 | AD15: 0 | AE15: 0 | AF15: 0 | AG15: 0 | AH15: 0 | AI15: 0 | AJ15: 0 | AK15: 0 | AL15: 0 | AM15: 0 | AN15: 0 | AO15: 0 | AP15: 0 | AQ15: 0 | AR15: 0 | AS15: 0 | AT15: 0 | AU15: 0 | AV15: 0
K16: =SUM(D16:J16) -> 0 | P16: =O16-K16 -> 0 | U16: =T16-O16 -> 0 | AA16: 0 | AB16: 0 | AC16: 0 | AD16: 0 | AE16: 0 | AF16: 0 | AG16: 0 | AH16: 0 | AI16: 0 | AJ16: 0 | AK16: 0 | AL16: 0 | AM16: 0 | AN16: 0 | AO16: 0 | AP16: 0 | AQ16: 0 | AR16: 0 | AS16: 0 | AT16: 0 | AU16: 0 | AV16: 0
... K19: =SUM(D19:J19) -> 0 | P19: =O19-K19 -> 0 | U19: =T19-O19 -> 0 | AA19: 0 | AB19: 0 | AC19: 0 | AD19: 0 | AE19: 0 | AF19: 0 | AG19: 0 | AH19: 0 | AI19: 0 | AJ19: 0 | AK19: 0 | AL19: 0 | AM19: 0 | AN19: 0 | AO19: 0 | AP19: 0 | AQ19: 0 | AR19: 0 | AS19: 0 | AT19: 0 | AU19: 0 | AV19: 0
K20: =SUM(D369:J369) -> 0 | P20: =O369-K369 -> 0 | U20: =T369-O369 -> 0 | AA20: 0 | AB20: 0 | AC20: 0 | AD20: 0 | AE20: 0 | AF20: 0 | AG20: 0 | AH20: 0 | AI20: 0 | AJ20: 0 | AK20: 0 | AL20: 0 | AM20: 0 | AN20: 0 | AO20: 0 | AP20: 0 | AQ20: 0 | AR20: 0 | AS20: 0 | AT20: 0 | AU20: 0 | AV20: 0
K21: =SUM(D21:J21) -> 0 | P21: =O21-K21 -> 0 | U21: =T21-O21 -> 0 | AA21: 0 | AB21: 0 | AC21: 0 | AD21: 0 | AE21: 0 | AF21: 0 | AG21: 0 | AH21: 0 | AI21: 0 | AJ21: 0 | AK21: 0 | AL21: 0 | AM21: 0 | AN21: 0 | AO21: 0 | AP21: 0 | AQ21: 0 | AR21: 0 | AS21: 0 | AT21: 0 | AU21: 0 | AV21: 0
K22: =SUM(D22:J22) -> 0 | P22: =O22-K22 -> 0 | U22: =T22-O22 -> 0 | AA22: 0 | AB22: 0 | AC22: 0 | AD22: 0 | AE22: 0 | AF22: 0 | AG22: 0 | AH22: 0 | AI22: 0 | AJ22: 0 | AK22: 0 | AL22: 0 | AM22: 0 | AN22: 0 | AO22: 0 | AP22: 0 | AQ22: 0 | AR22: 0 | AS22: 0 | AT22: 0 | AU22: 0 | AV22: 0
K23: =SUM(D23:J23) -> 0 | P23: =O23-K23 -> 0 | U23: =T23-O23 -> 0 | AA23: 0 | AB23: 0 | AC23: 0 | AD23: 0 | AE23: 0 | AF23: 0 | AG23: 0 | AH23: 0 | AI23: 0 | AJ23: 0 | AK23: 0 | AL23: 0 | AM23: 0 | AN23: 0 | AO23: 0 | AP23: 0 | AQ23: 0 | AR23: 0 | AS23: 0 | AT23: 0 | AU23: 0 | AV23: 0
K24: =SUM(D24:J24) -> 0 | P24: =O24-K24 -> 0 | U24: =T24-O24 -> 0 | AA24: 0 | AB24: 0 | AC24: 0 | AD24: 0 | AE24: 0 | AF24: 0 | AG24: 0 | AH24: 0 | AI24: 0 | AJ24: 0 | AK24: 0 | AL24: 0 | AM24: 0 | AN24: 0 | AO24: 0 | AP24: 0 | AQ24: 0 | AR24: 0 | AS24: 0 | AT24: 0 | AU24: 0 | AV24: 0
K25: =SUM(D25:J25) -> 0 | P25: =O25-K25 -> 0 | U25: =T25-O25 -> 0 | AA25: 0 | AB25: 0 | AC25: 0 | AD25: 0 | AE25: 0 | AF25: 0 | AG25: 0 | AH25: 0 | AI25: 0 | AJ25: 0 | AK25: 0 | AL25: 0 | AM25: 0 | AN25: 0 | AO25: 0 | AP25: 0 | AQ25: 0 | AR25: 0 | AS25: 0 | AT25: 0 | AU25: 0 | AV25: 0
K26: =SUM(D26:J26) -> 0 | P26: =O26-K26 -> 0 | U26: =T26-O26 -> 0 | AA26: 0 | AB26: 0 | AC26: 0 | AD26: 0 | AE26: 0 | AF26: 0 | AG26: 0 | AH26: 0 | AI26: 0 | AJ26: 0 | AK26: 0 | AL26: 0 | AM26: 0 | AN26: 0 | AO26: 0 | AP26: 0 | AQ26: 0 | AR26: 0 | AS26: 0 | AT26: 0 | AU26: 0 | AV26: 0
K27: =SUM(D27:J27) -> 0 | P27: =O27-K27 -> 0 | U27: =T27-O27 -> 0 | AA27: 0 | AB27: 0 | AC27: 0 | AD27: 0 | AE27: 0 | AF27: 0 | AG27: 0 | AH27: 0 | AI27: 0 | AJ27: 0 | AK27: 0 | AL27: 0 | AM27: 0 | AN27: 0 | AO27: 0 | AP27: 0 | AQ27: 0 | AR27: 0 | AS27: 0 | AT27: 0 | AU27: 0 | AV27: 0
K28: =SUM(D28:J28) -> 0 | P28: =O28-K28 -> 0 | U28: =T28-O28 -> 0 | AA28: 0 | AB28: 0 | AC28: 0 | AD28: 0 | AE28: 0 | AF28: 0 | AG28: 0 | AH28: 0 | AI28: 0 | AJ28: 0 | AK28: 0 | AL28: 0 | AM28: 0 | AN28: 0 | AO28: 0 | AP28: 0 | AQ28: 0 | AR28: 0 | AS28: 0 | AT28: 0 | AU28: 0 | AV28: 0
K29: =SUM(D29:J29) -> 0 | P29: =O29-K29 -> 0 | U29: =T29-O29 -> 0 | AA29: 0 | AB29: 0 | AC29: 0 | AD29: 0 | AE29: 0 | AF29: 0 | AG29: 0 | AH29: 0 | AI29: 0 | AJ29: 0 | AK29: 0 | AL29: 0 | AM29: 0 | AN29: 0 | AO29: 0 | AP29: 0 | AQ29: 0 | AR29: 0 | AS29: 0 | AT29: 0 | AU29: 0 | AV29: 0
K30: =SUM(D30:J30) -> 0 | P30: =O30-K30 -> 0 | U30: =T30-O30 -> 0 | AA30: 0 | AB30: 0 | AC30: 0 | AD30: 0 | AE30: 0 | AF30: 0 | AG30: 0 | AH30: 0 | AI30: 0 | AJ30: 0 | AK30: 0 | AL30: 0 | AM30: 0 | AN30: 0 | AO30: 0 | AP30: 0 | AQ30: 0 | AR30: 0 | AS30: 0 | AT30: 0 | AU30: 0 | AV30: 0
K31: =SUM(D31:J31) -> 0 | P31: =O31-K31 -> 0 | U31: =T31-O31 -> 0 | AA31: 0 | AB31: 0 | AC31: 0 | AD31: 0 | AE31: 0 | AF31: 0 | AG31: 0 | AH31: 0 | AI31: 0 | AJ31: 0 | AK31: 0 | AL31: 0 | AM31: 0 | AN31: 0 | AO31: 0 | AP31: 0 | AQ31: 0 | AR31: 0 | AS31: 0 | AT31: 0 | AU31: 0 | AV31: 0
K32: =SUM(D32:J32) -> 0 | P32: =O32-K32 -> 0 | U32: =T32-O32 -> 0 | AA32: 0 | AB32: 0 | AC32: 0 | AD32: 0 | AE32: 0 | AF32: 0 | AG32: 0 | AH32: 0 | AI32: 0 | AJ32: 0 | AK32: 0 | AL32: 0 | AM32: 0 | AN32: 0 | AO32: 0 | AP32: 0 | AQ32: 0 | AR32: 0 | AS32: 0 | AT32: 0 | AU32: 0 | AV32: 0
... K119: =SUM(D119:J119) -> 0 | P119: =O119-K119 -> 0 | U119: =T119-O119 -> 0 | AA119: 0 | AB119: 0 | AC119: 0 | AD119: 0 | AE119: 0 | AF119: 0 | AG119: 0 | AH119: 0 | AI119: 0 | AJ119: 0 | AK119: 0 | AL119: 0 | AM119: 0 | AN119: 0 | AO119: 0 | AP119: 0 | AQ119: 0 | AR119: 0 | AS119: 0 | AT119: 0 | AU119: 0 | AV119: 0
K120: =SUM(D1369:J1369) -> 0 | P120: =O1369-K1369 -> 0 | U120: =T1369-O1369 -> 0 | AA120: 0 | AB120: 0 | AC120: 0 | AD120: 0 | AE120: 0 | AF120: 0 | AG120: 0 | AH120: 0 | AI120: 0 | AJ120: 0 | AK120: 0 | AL120: 0 | AM120: 0 | AN120: 0 | AO120: 0 | AP120: 0 | AQ120: 0 | AR120: 0 | AS120: 0 | AT120: 0 | AU120: 0 | AV120: 0
K121: =SUM(D121:J121) -> 0 | P121: =O121-K121 -> 0 | U121: =T121-O121 -> 0 | AA121: 0 | AB121: 0 | AC121: 0 | AD121: 0 | AE121: 0 | AF121: 0 | AG121: 0 | AH121: 0 | AI121: 0 | AJ121: 0 | AK121: 0 | AL121: 0 | AM121: 0 | AN121: 0 | AO121: 0 | AP121: 0 | AQ121: 0 | AR121: 0 | AS121: 0 | AT121: 0 | AU121: 0 | AV121: 0
K122: =SUM(D122:J122) -> 0 | P122: =O122-K122 -> 0 | U122: =T122-O122 -> 0 | AA122: 0 | AB122: 0 | AC122: 0 | AD122: 0 | AE122: 0 | AF122: 0 | AG122: 0 | AH122: 0 | AI122: 0 | AJ122: 0 | AK122: 0 | AL122: 0 | AM122: 0 | AN122: 0 | AO122: 0 | AP122: 0 | AQ122: 0 | AR122: 0 | AS122: 0 | AT122: 0 | AU122: 0 | AV122: 0
K123: =SUM(D123:J123) -> 0 | P123: =O123-K123 -> 0 | U123: =T123-O123 -> 0 | AA123: 0 | AB123: 0 | AC123: 0 | AD123: 0 | AE123: 0 | AF123: 0 | AG123: 0 | AH123: 0 | AI123: 0 | AJ123: 0 | AK123: 0 | AL123: 0 | AM123: 0 | AN123: 0 | AO123: 0 | AP123: 0 | AQ123: 0 | AR123: 0 | AS123: 0 | AT123: 0 | AU123: 0 | AV123: 0
K124: =SUM(D124:J124) -> 0 | P124: =O124-K124 -> 0 | U124: =T124-O124 -> 0 | AA124: 0 | AB124: 0 | AC124: 0 | AD124: 0 | AE124: 0 | AF124: 0 | AG124: 0 | AH124: 0 | AI124: 0 | AJ124: 0 | AK124: 0 | AL124: 0 | AM124: 0 | AN124: 0 | AO124: 0 | AP124: 0 | AQ124: 0 | AR124: 0 | AS124: 0 | AT124: 0 | AU124: 0 | AV124: 0
K125: =SUM(D125:J125) -> 0 | P125: =O125-K125 -> 0 | U125: =T125-O125 -> 0 | AA125: 0 | AB125: 0 | AC125: 0 | AD125: 0 | AE125: 0 | AF125: 0 | AG125: 0 | AH125: 0 | AI125: 0 | AJ125: 0 | AK125: 0 | AL125: 0 | AM125: 0 | AN125: 0 | AO125: 0 | AP125: 0 | AQ125: 0 | AR125: 0 | AS125: 0 | AT125: 0 | AU125: 0 | AV125: 0
K126: =SUM(D126:J126) -> 0 | P126: =O126-K126 -> 0 | U126: =T126-O126 -> 0 | AA126: 0 | AB126: 0 | AC126: 0 | AD126: 0 | AE126: 0 | AF126: 0 | AG126: 0 | AH126: 0 | AI126: 0 | AJ126: 0 | AK126: 0 | AL126: 0 | AM126: 0 | AN126: 0 | AO126: 0 | AP126: 0 | AQ126: 0 | AR126: 0 | AS126: 0 | AT126: 0 | AU126: 0 | AV126: 0
K127: =SUM(D127:J127) -> 0 | P127: =O127-K127 -> 0 | U127: =T127-O127 -> 0 | AA127: 0 | AB127: 0 | AC127: 0 | AD127: 0 | AE127: 0 | AF127: 0 | AG127: 0 | AH127: 0 | AI127: 0 | AJ127: 0 | AK127: 0 | AL127: 0 | AM127: 0 | AN127: 0 | AO127: 0 | AP127: 0 | AQ127: 0 | AR127: 0 | AS127: 0 | AT127: 0 | AU127: 0 | AV127: 0
K128: =SUM(D128:J128) -> 0 | P128: =O128-K128 -> 0 | U128: =T128-O128 -> 0 | AA128: 0 | AB128: 0 | AC128: 0 | AD128: 0 | AE128: 0 | AF128: 0 | AG128: 0 | AH128: 0 | AI128: 0 | AJ128: 0 | AK128: 0 | AL128: 0 | AM128: 0 | AN128: 0 | AO128: 0 | AP128: 0 | AQ128: 0 | AR128: 0 | AS128: 0 | AT128: 0 | AU128: 0 | AV128: 0
K129: =SUM(D129:J129) -> 0 | P129: =O129-K129 -> 0 | U129: =T129-O129 -> 0 | AA129: 0 | AB129: 0 | AC129: 0 | AD129: 0 | AE129: 0 | AF129: 0 | AG129: 0 | AH129: 0 | AI129: 0 | AJ129: 0 | AK129: 0 | AL129: 0 | AM129: 0 | AN129: 0 | AO129: 0 | AP129: 0 | AQ129: 0 | AR129: 0 | AS129: 0 | AT129: 0 | AU129: 0 | AV129: 0
K130: =SUM(D130:J130) -> 0 | P130: =O130-K130 -> 0 | U130: =T130-O130 -> 0 | AA130: 0 | AB130: 0 | AC130: 0 | AD130: 0 | AE130: 0 | AF130: 0 | AG130: 0 | AH130: 0 | AI130: 0 | AJ130: 0 | AK130: 0 | AL130: 0 | AM130: 0 | AN130: 0 | AO130: 0 | AP130: 0 | AQ130: 0 | AR130: 0 | AS130: 0 | AT130: 0 | AU130: 0 | AV130: 0
K131: =SUM(D131:J131) -> 0 | P131: =O131-K131 -> 0 | U131: =T131-O131 -> 0 | AA131: 0 | AB131: 0 | AC131: 0 | AD131: 0 | AE131: 0 | AF131: 0 | AG131: 0 | AH131: 0 | AI131: 0 | AJ131: 0 | AK131: 0 | AL131: 0 | AM131: 0 | AN131: 0 | AO131: 0 | AP131: 0 | AQ131: 0 | AR131: 0 | AS131: 0 | AT131: 0 | AU131: 0 | AV131: 0
K132: =SUM(D132:J132) -> 0 | P132: =O132-K132 -> 0 | U132: =T132-O132 -> 0 | AA132: 0 | AB132: 0 | AC132: 0 | AD132: 0 | AE132: 0 | AF132: 0 | AG132: 0 | AH132: 0 | AI132: 0 | AJ132: 0 | AK132: 0 | AL132: 0 | AM132: 0 | AN132: 0 | AO132: 0 | AP132: 0 | AQ132: 0 | AR132: 0 | AS132: 0 | AT132: 0 | AU132: 0 | AV132: 0
... K199: =SUM(D199:J199) -> 0 | P199: =O199-K199 -> 0 | U199: =T199-O199 -> 0 | AA199: 0 | AB199: 0 | AC199: 0 | AD199: 0 | AE199: 0 | AF199: 0 | AG199: 0 | AH199: 0 | AI199: 0 | AJ199: 0 | AK199: 0 | AL199: 0 | AM199: 0 | AN199: 0 | AO199: 0 | AP199: 0 | AQ199: 0 | AR199: 0 | AS199: 0 | AT199: 0 | AU199: 0 | AV199: 0
K200: =SUM(D3690:J3690) -> 0 | P200: =O3690-K3690 -> 0 | U200: =T3690-O3690 -> 0 | AA200: 0 | AB200: 0 | AC200: 0 | AD200: 0 | AE200: 0 | AF200: 0 | AG200: 0 | AH200: 0 | AI200: 0 | AJ200: 0 | AK200: 0 | AL200: 0 | AM200: 0 | AN200: 0 | AO200: 0 | AP200: 0 | AQ200: 0 | AR200: 0 | AS200: 0 | AT200: 0 | AU200: 0 | AV200: 0
K201: =SUM(D3691:J3691) -> 0 | P201: =O3691-K3691 -> 0 | U201: =T3691-O3691 -> 0 | AA201: 0 | AB201: 0 | AC201: 0 | AD201: 0 | AE201: 0 | AF201: 0 | AG201: 0 | AH201: 0 | AI201: 0 | AJ201: 0 | AK201: 0 | AL201: 0 | AM201: 0 | AN201: 0 | AO201: 0 | AP201: 0 | AQ201: 0 | AR201: 0 | AS201: 0 | AT201: 0 | AU201: 0 | AV201: 0
K202: =SUM(D3692:J3692) -> 0 | P202: =O3692-K3692 -> 0 | U202: =T3692-O3692 -> 0 | AA202: 0 | AB202: 0 | AC202: 0 | AD202: 0 | AE202: 0 | AF202: 0 | AG202: 0 | AH202: 0 | AI202: 0 | AJ202: 0 | AK202: 0 | AL202: 0 | AM202: 0 | AN202: 0 | AO202: 0 | AP202: 0 | AQ202: 0 | AR202: 0 | AS202: 0 | AT202: 0 | AU202: 0 | AV202: 0
K203: =SUM(D3693:J3693) -> 0 | P203: =O3693-K3693 -> 0 | U203: =T3693-O3693 -> 0 | AA203: 0 | AB203: 0 | AC203: 0 | AD203: 0 | AE203: 0 | AF203: 0 | AG203: 0 | AH203: 0 | AI203: 0 | AJ203: 0 | AK203: 0 | AL203: 0 | AM203: 0 | AN203: 0 | AO203: 0 | AP203: 0 | AQ203: 0 | AR203: 0 | AS203: 0 | AT203: 0 | AU203: 0 | AV203: 0
K204: =SUM(D3694:J3694) -> 0 | P204: =O3694-K3694 -> 0 | U204: =T3694-O3694 -> 0 | AA204: 0 | AB204: 0 | AC204: 0 | AD204: 0 | AE204: 0 | AF204: 0 | AG204: 0 | AH204: 0 | AI204: 0 | AJ204: 0 | AK204: 0 | AL204: 0 | AM204: 0 | AN204: 0 | AO204: 0 | AP204: 0 | AQ204: 0 | AR204: 0 | AS204: 0 | AT204: 0 | AU204: 0 | AV204: 0
K205: =SUM(D3695:J3695) -> 0 | P205: =O3695-K3695 -> 0 | U205: =T3695-O3695 -> 0 | AA205: 0 | AB205: 0 | AC205: 0 | AD205: 0 | AE205: 0 | AF205: 0 | AG205: 0 | AH205: 0 | AI205: 0 | AJ205: 0 | AK205: 0 | AL205: 0 | AM205: 0 | AN205: 0 | AO205: 0 | AP205: 0 | AQ205: 0 | AR205: 0 | AS205: 0 | AT205: 0 | AU205: 0 | AV205: 0
K206: =SUM(D3696:J3696) -> 0 | P206: =O3696-K3696 -> 0 | U206: =T3696-O3696 -> 0 | AA206: 0 | AB206: 0 | AC206: 0 | AD206: 0 | AE206: 0 | AF206: 0 | AG206: 0 | AH206: 0 | AI206: 0 | AJ206: 0 | AK206: 0 | AL206: 0 | AM206: 0 | AN206: 0 | AO206: 0 | AP206: 0 | AQ206: 0 | AR206: 0 | AS206: 0 | AT206: 0 | AU206: 0 | AV206: 0
K207: =SUM(D3697:J3697) -> 0 | P207: =O3697-K3697 -> 0 | U207: =T3697-O3697 -> 0 | AA207: 0 | AB207: 0 | AC207: 0 | AD207: 0 | AE207: 0 | AF207: 0 | AG207: 0 | AH207: 0 | AI207: 0 | AJ207: 0 | AK207: 0 | AL207: 0 | AM207: 0 | AN207: 0 | AO207: 0 | AP207: 0 | AQ207: 0 | AR207: 0 | AS207: 0 | AT207: 0 | AU207: 0 | AV207: 0
K208: =SUM(D3698:J3698) -> 0 | P208: =O3698-K3698 -> 0 | U208: =T3698-O3698 -> 0 | AA208: 0 | AB208: 0 | AC208: 0 | AD208: 0 | AE208: 0 | AF208: 0 | AG208: 0 | AH208: 0 | AI208: 0 | AJ208: 0 | AK208: 0 | AL208: 0 | AM208: 0 | AN208: 0 | AO208: 0 | AP208: 0 | AQ208: 0 | AR208: 0 | AS208: 0 | AT208: 0 | AU208: 0 | AV208: 0
K209: =SUM(D3699:J3699) -> 0 | P209: =O3699-K3699 -> 0 | U209: =T3699-O3699 -> 0 | AA209: 0 | AB209: 0 | AC209: 0 | AD209: 0 | AE209: 0 | AF209: 0 | AG209: 0 | AH209: 0 | AI209: 0 | AJ209: 0 | AK209: 0 | AL209: 0 | AM209: 0 | AN209: 0 | AO209: 0 | AP209: 0 | AQ209: 0 | AR209: 0 | AS209: 0 | AT209: 0 | AU209: 0 | AV209: 0
K210: =SUM(D210:J210) -> 0 | P210: =O210-K210 -> 0 | U210: =T210-O210 -> 0 | AA210: 0 | AB210: 0 | AC210: 0 | AD210: 0 | AE210: 0 | AF210: 0 | AG210: 0 | AH210: 0 | AI210: 0 | AJ210: 0 | AK210: 0 | AL210: 0 | AM210: 0 | AN210: 0 | AO210: 0 | AP210: 0 | AQ210: 0 | AR210: 0 | AS210: 0 | AT210: 0 | AU210: 0 | AV210: 0
K211: =SUM(D211:J211) -> 0 | P211: =O211-K211 -> 0 | U211: =T211-O211 -> 0 | AA211: 0 | AB211: 0 | AC211: 0 | AD211: 0 | AE211: 0 | AF211: 0 | AG211: 0 | AH211: 0 | AI211: 0 | AJ211: 0 | AK211: 0 | AL211: 0 | AM211: 0 | AN211: 0 | AO211: 0 | AP211: 0 | AQ211: 0 | AR211: 0 | AS211: 0 | AT211: 0 | AU211: 0 | AV211: 0
K212: =SUM(D212:J212) -> 0 | P212: =O212-K212 -> 0 | U212: =T212-O212 -> 0 | AA212: 0 | AB212: 0 | AC212: 0 | AD212: 0 | AE212: 0 | AF212: 0 | AG212: 0 | AH212: 0 | AI212: 0 | AJ212: 0 | AK212: 0 | AL212: 0 | AM212: 0 | AN212: 0 | AO212: 0 | AP212: 0 | AQ212: 0 | AR212: 0 | AS212: 0 | AT212: 0 | AU212: 0 | AV212: 0
K213: =SUM(D213:J213) -> 0 | P213: =O213-K213 -> 0 | U213: =T213-O213 -> 0 | AA213: 0 | AB213: 0 | AC213: 0 | AD213: 0 | AE213: 0 | AF213: 0 | AG213: 0 | AH213: 0 | AI213: 0 | AJ213: 0 | AK213: 0 | AL213: 0 | AM213: 0 | AN213: 0 | AO213: 0 | AP213: 0 | AQ213: 0 | AR213: 0 | AS213: 0 | AT213: 0 | AU213: 0 | AV213: 0
K214: =SUM(D214:J214) -> 0 | P214: =O214-K214 -> 0 | U214: =T214-O214 -> 0 | AA214: 0 | AB214: 0 | AC214: 0 | AD214: 0 | AE214: 0 | AF214: 0 | AG214: 0 | AH214: 0 | AI214: 0 | AJ214: 0 | AK214: 0 | AL214: 0 | AM214: 0 | AN214: 0 | AO214: 0 | AP214: 0 | AQ214: 0 | AR214: 0 | AS214: 0 | AT214: 0 | AU214: 0 | AV214: 0
K215: =SUM(D215:J215) -> 0 | P215: =O215-K215 -> 0 | U215: =T215-O215 -> 0 | AA215: 0 | AB215: 0 | AC215: 0 | AD215: 0 | AE215: 0 | AF215: 0 | AG215: 0 | AH215: 0 | AI215: 0 | AJ215: 0 | AK215: 0 | AL215: 0 | AM215: 0 | AN215: 0 | AO215: 0 | AP215: 0 | AQ215: 0 | AR215: 0 | AS215: 0 | AT215: 0 | AU215: 0 | AV215: 0
K216: =SUM(D216:J216) -> 0 | P216: =O216-K216 -> 0 | U216: =T216-O216 -> 0 | AA216: 0 | AB216: 0 | AC216: 0 | AD216: 0 | AE216: 0 | AF216: 0 | AG216: 0 | AH216: 0 | AI216: 0 | AJ216: 0 | AK216: 0 | AL216: 0 | AM216: 0 | AN216: 0 | AO216: 0 | AP216: 0 | AQ216: 0 | AR216: 0 | AS216: 0 | AT216: 0 | AU216: 0 | AV216: 0
K217: =SUM(D217:J217) -> 0 | P217: =O217-K217 -> 0 | U217: =T217-O217 -> 0 | AA217: 0 | AB217: 0 | AC217: 0 | AD217: 0 | AE217: 0 | AF217: 0 | AG217: 0 | AH217: 0 | AI217: 0 | AJ217: 0 | AK217: 0 | AL217: 0 | AM217: 0 | AN217: 0 | AO217: 0 | AP217: 0 | AQ217: 0 | AR217: 0 | AS217: 0 | AT217: 0 | AU217: 0 | AV217: 0
K218: =SUM(D218:J218) -> 0 | P218: =O218-K218 -> 0 | U218: =T218-O218 -> 0 | AA218: 0 | AB218: 0 | AC218: 0 | AD218: 0 | AE218: 0 | AF218: 0 | AG218: 0 | AH218: 0 | AI218: 0 | AJ218: 0 | AK218: 0 | AL218: 0 | AM218: 0 | AN218: 0 | AO218: 0 | AP218: 0 | AQ218: 0 | AR218: 0 | AS218: 0 | AT218: 0 | AU218: 0 | AV218: 0
K219: =SUM(D219:J219) -> 0 | P219: =O219-K219 -> 0 | U219: =T219-O219 -> 0 | AA219: 0 | AB219: 0 | AC219: 0 | AD219: 0 | AE219: 0 | AF219: 0 | AG219: 0 | AH219: 0 | AI219: 0 | AJ219: 0 | AK219: 0 | AL219: 0 | AM219: 0 | AN219: 0 | AO219: 0 | AP219: 0 | AQ219: 0 | AR219: 0 | AS219: 0 | AT219: 0 | AU219: 0 | AV219: 0
K220: =SUM(D2369:J2369) -> 0 | P220: =O2369-K2369 -> 0 | U220: =T2369-O2369 -> 0 | AA220: 0 | AB220: 0 | AC220: 0 | AD220: 0 | AE220: 0 | AF220: 0 | AG220: 0 | AH220: 0 | AI220: 0 | AJ220: 0 | AK220: 0 | AL220: 0 | AM220: 0 | AN220: 0 | AO220: 0 | AP220: 0 | AQ220: 0 | AR220: 0 | AS220: 0 | AT220: 0 | AU220: 0 | AV220: 0
K221: =SUM(D221:J221) -> 0 | P221: =O221-K221 -> 0 | U221: =T221-O221 -> 0 | AA221: 0 | AB221: 0 | AC221: 0 | AD221: 0 | AE221: 0 | AF221: 0 | AG221: 0 | AH221: 0 | AI221: 0 | AJ221: 0 | AK221: 0 | AL221: 0 | AM221: 0 | AN221: 0 | AO221: 0 | AP221: 0 | AQ221: 0 | AR221: 0 | AS221: 0 | AT221: 0 | AU221: 0 | AV221: 0
K222: =SUM(D222:J222) -> 0 | P222: =O222-K222 -> 0 | U222: =T222-O222 -> 0 | AA222: 0 | AB222: 0 | AC222: 0 | AD222: 0 | AE222: 0 | AF222: 0 | AG222: 0 | AH222: 0 | AI222: 0 | AJ222: 0 | AK222: 0 | AL222: 0 | AM222: 0 | AN222: 0 | AO222: 0 | AP222: 0 | AQ222: 0 | AR222: 0 | AS222: 0 | AT222: 0 | AU222: 0 | AV222: 0
K223: =SUM(D223:J223) -> 0 | P223: =O223-K223 -> 0 | U223: =T223-O223 -> 0 | AA223: 0 | AB223: 0 | AC223: 0 | AD223: 0 | AE223: 0 | AF223: 0 | AG223: 0 | AH223: 0 | AI223: 0 | AJ223: 0 | AK223: 0 | AL223: 0 | AM223: 0 | AN223: 0 | AO223: 0 | AP223: 0 | AQ223: 0 | AR223: 0 | AS223: 0 | AT223: 0 | AU223: 0 | AV223: 0
K224: =SUM(D224:J224) -> 0 | P224: =O224-K224 -> 0 | U224: =T224-O224 -> 0 | AA224: 0 | AB224: 0 | AC224: 0 | AD224: 0 | AE224: 0 | AF224: 0 | AG224: 0 | AH224: 0 | AI224: 0 | AJ224: 0 | AK224: 0 | AL224: 0 | AM224: 0 | AN224: 0 | AO224: 0 | AP224: 0 | AQ224: 0 | AR224: 0 | AS224: 0 | AT224: 0 | AU224: 0 | AV224: 0
K225: =SUM(D225:J225) -> 0 | P225: =O225-K225 -> 0 | U225: =T225-O225 -> 0 | AA225: 0 | AB225: 0 | AC225: 0 | AD225: 0 | AE225: 0 | AF225: 0 | AG225: 0 | AH225: 0 | AI225: 0 | AJ225: 0 | AK225: 0 | AL225: 0 | AM225: 0 | AN225: 0 | AO225: 0 | AP225: 0 | AQ225: 0 | AR225: 0 | AS225: 0 | AT225: 0 | AU225: 0 | AV225: 0
K226: =SUM(D226:J226) -> 0 | P226: =O226-K226 -> 0 | U226: =T226-O226 -> 0 | AA226: 0 | AB226: 0 | AC226: 0 | AD226: 0 | AE226: 0 | AF226: 0 | AG226: 0 | AH226: 0 | AI226: 0 | AJ226: 0 | AK226: 0 | AL226: 0 | AM226: 0 | AN226: 0 | AO226: 0 | AP226: 0 | AQ226: 0 | AR226: 0 | AS226: 0 | AT226: 0 | AU226: 0 | AV226: 0
K227: =SUM(D227:J227) -> 0 | P227: =O227-K227 -> 0 | U227: =T227-O227 -> 0 | AA227: 0 | AB227: 0 | AC227: 0 | AD227: 0 | AE227: 0 | AF227: 0 | AG227: 0 | AH227: 0 | AI227: 0 | AJ227: 0 | AK227: 0 | AL227: 0 | AM227: 0 | AN227: 0 | AO227: 0 | AP227: 0 | AQ227: 0 | AR227: 0 | AS227: 0 | AT227: 0 | AU227: 0 | AV227: 0
K228: =SUM(D228:J228) -> 0 | P228: =O228-K228 -> 0 | U228: =T228-O228 -> 0 | AA228: 0 | AB228: 0 | AC228: 0 | AD228: 0 | AE228: 0 | AF228: 0 | AG228: 0 | AH228: 0 | AI228: 0 | AJ228: 0 | AK228: 0 | AL228: 0 | AM228: 0 | AN228: 0 | AO228: 0 | AP228: 0 | AQ228: 0 | AR228: 0 | AS228: 0 | AT228: 0 | AU228: 0 | AV228: 0
K229: =SUM(D229:J229) -> 0 | P229: =O229-K229 -> 0 | U229: =T229-O229 -> 0 | AA229: 0 | AB229: 0 | AC229: 0 | AD229: 0 | AE229: 0 | AF229: 0 | AG229: 0 | AH229: 0 | AI229: 0 | AJ229: 0 | AK229: 0 | AL229: 0 | AM229: 0 | AN229: 0 | AO229: 0 | AP229: 0 | AQ229: 0 | AR229: 0 | AS229: 0 | AT229: 0 | AU229: 0 | AV229: 0
K230: =SUM(D230:J230) -> 0 | P230: =O230-K230 -> 0 | U230: =T230-O230 -> 0 | AA230: 0 | AB230: 0 | AC230: 0 | AD230: 0 | AE230: 0 | AF230: 0 | AG230: 0 | AH230: 0 | AI230: 0 | AJ230: 0 | AK230: 0 | AL230: 0 | AM230: 0 | AN230: 0 | AO230: 0 | AP230: 0 | AQ230: 0 | AR230: 0 | AS230: 0 | AT230: 0 | AU230: 0 | AV230: 0
K231: =SUM(D231:J231) -> 0 | P231: =O231-K231 -> 0 | U231: =T231-O231 -> 0 | AA231: 0 | AB231: 0 | AC231: 0 | AD231: 0 | AE231: 0 | AF231: 0 | AG231: 0 | AH231: 0 | AI231: 0 | AJ231: 0 | AK231: 0 | AL231: 0 | AM231: 0 | AN231: 0 | AO231: 0 | AP231: 0 | AQ231: 0 | AR231: 0 | AS231: 0 | AT231: 0 | AU231: 0 | AV231: 0
K232: =SUM(D232:J232) -> 0 | P232: =O232-K232 -> 0 | U232: =T232-O232 -> 0 | AA232: 0 | AB232: 0 | AC232: 0 | AD232: 0 | AE232: 0 | AF232: 0 | AG232: 0 | AH232: 0 | AI232: 0 | AJ232: 0 | AK232: 0 | AL232: 0 | AM232: 0 | AN232: 0 | AO232: 0 | AP232: 0 | AQ232: 0 | AR232: 0 | AS232: 0 | AT232: 0 | AU232: 0 | AV232: 0
... K319: =SUM(D319:J319) -> 0 | P319: =O319-K319 -> 0 | U319: =T319-O319 -> 0 | AA319: 0 | AB319: 0 | AC319: 0 | AD319: 0 | AE319: 0 | AF319: 0 | AG319: 0 | AH319: 0 | AI319: 0 | AJ319: 0 | AK319: 0 | AL319: 0 | AM319: 0 | AN319: 0 | AO319: 0 | AP319: 0 | AQ319: 0 | AR319: 0 | AS319: 0 | AT319: 0 | AU319: 0 | AV319: 0
K320: =SUM(D3369:J3369) -> 0 | P320: =O3369-K3369 -> 0 | U320: =T3369-O3369 -> 0 | AA320: 0 | AB320: 0 | AC320: 0 | AD320: 0 | AE320: 0 | AF320: 0 | AG320: 0 | AH320: 0 | AI320: 0 | AJ320: 0 | AK320: 0 | AL320: 0 | AM320: 0 | AN320: 0 | AO320: 0 | AP320: 0 | AQ320: 0 | AR320: 0 | AS320: 0 | AT320: 0 | AU320: 0 | AV320: 0
K321: =SUM(D321:J321) -> 0 | P321: =O321-K321 -> 0 | U321: =T321-O321 -> 0 | AA321: 0 | AB321: 0 | AC321: 0 | AD321: 0 | AE321: 0 | AF321: 0 | AG321: 0 | AH321: 0 | AI321: 0 | AJ321: 0 | AK321: 0 | AL321: 0 | AM321: 0 | AN321: 0 | AO321: 0 | AP321: 0 | AQ321: 0 | AR321: 0 | AS321: 0 | AT321: 0 | AU321: 0 | AV321: 0
K322: =SUM(D322:J322) -> 0 | P322: =O322-K322 -> 0 | U322: =T322-O322 -> 0 | AA322: 0 | AB322: 0 | AC322: 0 | AD322: 0 | AE322: 0 | AF322: 0 | AG322: 0 | AH322: 0 | AI322: 0 | AJ322: 0 | AK322: 0 | AL322: 0 | AM322: 0 | AN322: 0 | AO322: 0 | AP322: 0 | AQ322: 0 | AR322: 0 | AS322: 0 | AT322: 0 | AU322: 0 | AV322: 0
K323: =SUM(D323:J323) -> 0 | P323: =O323-K323 -> 0 | U323: =T323-O323 -> 0 | AA323: 0 | AB323: 0 | AC323: 0 | AD323: 0 | AE323: 0 | AF323: 0 | AG323: 0 | AH323: 0 | AI323: 0 | AJ323: 0 | AK323: 0 | AL323: 0 | AM323: 0 | AN323: 0 | AO323: 0 | AP323: 0 | AQ323: 0 | AR323: 0 | AS323: 0 | AT323: 0 | AU323: 0 | AV323: 0
K324: =SUM(D324:J324) -> 0 | P324: =O324-K324 -> 0 | U324: =T324-O324 -> 0 | AA324: 0 | AB324: 0 | AC324: 0 | AD324: 0 | AE324: 0 | AF324: 0 | AG324: 0 | AH324: 0 | AI324: 0 | AJ324: 0 | AK324: 0 | AL324: 0 | AM324: 0 | AN324: 0 | AO324: 0 | AP324: 0 | AQ324: 0 | AR324: 0 | AS324: 0 | AT324: 0 | AU324: 0 | AV324: 0
K325: =SUM(D325:J325) -> 0 | P325: =O325-K325 -> 0 | U325: =T325-O325 -> 0 | AA325: 0 | AB325: 0 | AC325: 0 | AD325: 0 | AE325: 0 | AF325: 0 | AG325: 0 | AH325: 0 | AI325: 0 | AJ325: 0 | AK325: 0 | AL325: 0 | AM325: 0 | AN325: 0 | AO325: 0 | AP325: 0 | AQ325: 0 | AR325: 0 | AS325: 0 | AT325: 0 | AU325: 0 | AV325: 0
K326: =SUM(D326:J326) -> 0 | P326: =O326-K326 -> 0 | U326: =T326-O326 -> 0 | AA326: 0 | AB326: 0 | AC326: 0 | AD326: 0 | AE326: 0 | AF326: 0 | AG326: 0 | AH326: 0 | AI326: 0 | AJ326: 0 | AK326: 0 | AL326: 0 | AM326: 0 | AN326: 0 | AO326: 0 | AP326: 0 | AQ326: 0 | AR326: 0 | AS326: 0 | AT326: 0 | AU326: 0 | AV326: 0
K327: =SUM(D327:J327) -> 0 | P327: =O327-K327 -> 0 | U327: =T327-O327 -> 0 | AA327: 0 | AB327: 0 | AC327: 0 | AD327: 0 | AE327: 0 | AF327: 0 | AG327: 0 | AH327: 0 | AI327: 0 | AJ327: 0 | AK327: 0 | AL327: 0 | AM327: 0 | AN327: 0 | AO327: 0 | AP327: 0 | AQ327: 0 | AR327: 0 | AS327: 0 | AT327: 0 | AU327: 0 | AV327: 0
K328: =SUM(D328:J328) -> 0 | P328: =O328-K328 -> 0 | U328: =T328-O328 -> 0 | AA328: 0 | AB328: 0 | AC328: 0 | AD328: 0 | AE328: 0 | AF328: 0 | AG328: 0 | AH328: 0 | AI328: 0 | AJ328: 0 | AK328: 0 | AL328: 0 | AM328: 0 | AN328: 0 | AO328: 0 | AP328: 0 | AQ328: 0 | AR328: 0 | AS328: 0 | AT328: 0 | AU328: 0 | AV328: 0
K329: =SUM(D329:J329) -> 0 | P329: =O329-K329 -> 0 | U329: =T329-O329 -> 0 | AA329: 0 | AB329: 0 | AC329: 0 | AD329: 0 | AE329: 0 | AF329: 0 | AG329: 0 | AH329: 0 | AI329: 0 | AJ329: 0 | AK329: 0 | AL329: 0 | AM329: 0 | AN329: 0 | AO329: 0 | AP329: 0 | AQ329: 0 | AR329: 0 | AS329: 0 | AT329: 0 | AU329: 0 | AV329: 0
K330: =SUM(D330:J330) -> 0 | P330: =O330-K330 -> 0 | U330: =T330-O330 -> 0 | AA330: 0 | AB330: 0 | AC330: 0 | AD330: 0 | AE330: 0 | AF330: 0 | AG330: 0 | AH330: 0 | AI330: 0 | AJ330: 0 | AK330: 0 | AL330: 0 | AM330: 0 | AN330: 0 | AO330: 0 | AP330: 0 | AQ330: 0 | AR330: 0 | AS330: 0 | AT330: 0 | AU330: 0 | AV330: 0
K331: =SUM(D331:J331) -> 0 | P331: =O331-K331 -> 0 | U331: =T331-O331 -> 0 | AA331: 0 | AB331: 0 | AC331: 0 | AD331: 0 | AE331: 0 | AF331: 0 | AG331: 0 | AH331: 0 | AI331: 0 | AJ331: 0 | AK331: 0 | AL331: 0 | AM331: 0 | AN331: 0 | AO331: 0 | AP331: 0 | AQ331: 0 | AR331: 0 | AS331: 0 | AT331: 0 | AU331: 0 | AV331: 0
K332: =SUM(D332:J332) -> 0 | P332: =O332-K332 -> 0 | U332: =T332-O332 -> 0 | AA332: 0 | AB332: 0 | AC332: 0 | AD332: 0 | AE332: 0 | AF332: 0 | AG332: 0 | AH332: 0 | AI332: 0 | AJ332: 0 | AK332: 0 | AL332: 0 | AM332: 0 | AN332: 0 | AO332: 0 | AP332: 0 | AQ332: 0 | AR332: 0 | AS332: 0 | AT332: 0 | AU332: 0 | AV332: 0
... K369: =SUM(D369:J369) -> 0 | P369: =O369-K369 -> 0 | U369: =T369-O369 -> 0 | AA369: 0 | AB369: 0 | AC369: 0 | AD369: 0 | AE369: 0 | AF369: 0 | AG369: 0 | AH369: 0 | AI369: 0 | AJ369: 0 | AK369: 0 | AL369: 0 | AM369: 0 | AN369: 0 | AO369: 0 | AP369: 0 | AQ369: 0 | AR369: 0 | AS369: 0 | AT369: 0 | AU369: 0 | AV369: 0
AA370: 0 | AB370: 0 | AC370: 0 | AD370: 0 | AE370: 0 | AF370: 0 | AG370: 0 | AH370: 0 | AI370: 0 | AJ370: 0 | AK370: 0 | AL370: 0 | AM370: 0 | AN370: 0 | AO370: 0 | AP370: 0 | AQ370: 0 | AR370: 0 | AS370: 0 | AT370: 0 | AU370: 0 | AV370: 0

Sheet CUTTING
A1: TANGGAL | B1: TEAM CUTTING | C1: MODEL | D1: VARIAN WARNA | E1: ROLL | F1: Lebih size S | G1: 4/S | H1: 6/M | I1: 8/L | J1: 10/XL | K1: 12 | L1: 14 | M1: JUMLAH | N1: No Surat Jalan | O1: PENJAHIT | P1: TGL SETOR | Q1: -/+ | R1: TOTAL | S1: PENYELESAIAN | T1: KANCING | U1: TGL SETOR | V1: -/+ | W1: TOTAL | X1: PENYELESAIAN
L2: 20 | M2: =SUM(F2:L2) -> 20 | Q2: 18 | R2: =Q2-M2 -> -2 | V2: 18 | W2: =V2-Q2 -> 0
M3: =SUM(F3:L3) -> 0 | R3: =Q3-M3 -> 0 | W3: =V3-Q3 -> 0
M4: =SUM(F4:L4) -> 0 | R4: =Q4-M4 -> 0 | W4: =V4-Q4 -> 0
M5: =SUM(F5:L5) -> 0 | R5: =Q5-M5 -> 0 | W5: =V5-Q5 -> 0
M6: =SUM(F6:L6) -> 0 | R6: =Q6-M6 -> 0 | W6: =V6-Q6 -> 0
M7: =SUM(F7:L7) -> 0 | R7: =Q7-M7 -> 0 | W7: =V7-Q7 -> 0
M8: =SUM(F8:L8) -> 0 | R8: =Q8-M8 -> 0 | W8: =V8-Q8 -> 0
M9: =SUM(F9:L9) -> 0 | R9: =Q9-M9 -> 0 | W9: =V9-Q9 -> 0
M10: =SUM(F10:L10) -> 0 | R10: =Q10-M10 -> 0 | W10: =V10-Q10 -> 0
M11: =SUM(F11:L11) -> 0 | R11: =Q11-M11 -> 0 | W11: =V11-Q11 -> 0
M12: =SUM(F12:L12) -> 0 | R12: =Q12-M12 -> 0 | W12: =V12-Q12 -> 0
M13: =SUM(F13:L13) -> 0 | R13: =Q13-M13 -> 0 | W13: =V13-Q13 -> 0
M14: =SUM(F14:L14) -> 0 | R14: =Q14-M14 -> 0 | W14: =V14-Q14 -> 0
... M369: =SUM(F369:L369) -> 0 | R369: =Q369-M369 -> 0 | W369: =V369-Q369 -> 0

Sheet SO
A1: KUTUBARU | F1: TOTAL | I1: GOTIK | P1: TOTAL
A2: WARNA | B2: S | C2: M | D2: L | E2: XL | I2: WARNA | J2: 4 | K2: 6 | L2: 8 | M2: 10 | N2: 12 | O2: 14
A3: MAHOGANY | F3: =SUM(B3:E3) -> 0 | I3: MAHOGANY | P3: =SUM(K3:M3) -> 0
A4: BURGUNDY | F4: =SUM(B4:E4) -> 0 | I4: BERGUNDI | P4: =SUM(K4:M4) -> 0
A5: DENIM | F5: =SUM(B5:E5) -> 0 | I5: DENIM | P5: =SUM(K5:M5) -> 0
A6: COKSU | F6: =SUM(B6:E6) -> 0 | I6: COKSU | P6: =SUM(K6:M6) -> 0
A7: NAVY | F7: =SUM(B7:E7) -> 0 | I7: NAVY | P7: =SUM(K7:M7) -> 0
A8: HITAM | F8: =SUM(B8:E8) -> 0 | I8: HITAM | P8: =SUM(K8:M8) -> 0
A9: DUSTY | F9: =SUM(B9:E9) -> 0 | I9: DUSTY | P9: =SUM(K9:M9) -> 0
A10: BABYBLUE | F10: =SUM(B10:E10) -> 0 | I10: BABYBLUE | P10: =SUM(K10:M10) -> 0
A11: MAROON | F11: =SUM(B11:E11) -> 0 | I11: MARON | P11: =SUM(K11:M11) -> 0
A12: GOLD | F12: =SUM(B12:E12) -> 0 | I12: GOLD | P12: =SUM(K12:M12) -> 0
A13: SAGE | F13: =SUM(B13:E13) -> 0 | I13: SAGE | P13: =SUM(K13:M13) -> 0
A14: EMERALD GREEN | F14: =SUM(B14:E14) -> 0 | I14: EMERALD BLUE | P14: =SUM(K14:M14) -> 0
... A16: SILVER | F16: =SUM(B16:E16) -> 0 | I16: BUTTER YELLOW | P16: =SUM(K16:M16) -> 0
A17: BUTTER YELLOW | F17: =SUM(B17:E17) -> 0 | P17: =SUM(K17:M17) -> 0
F18: =SUM(B18:E18) -> 0 | P18: =SUM(K18:M18) -> 0
F19: =SUM(B19:E19) -> 0 | P19: =SUM(K19:M19) -> 0
E20: JUMLAH | F20: =SUBTOTAL(9,F3:F19) -> 0 | O20: JUMLAH | P20: =SUBTOTAL(9,P3:P19) -> 0
I23: SLAYER | P23: TOTAL
I24: WARNA | J24: 4 | K24: 6 | L24: 8 | M24: 10 | N24: 12 | O24: 14
A25: JANGGAN PENDEK | F25: TOTAL | I25: MAHOGANY | P25: =SUM(K25:M25) -> 0
A26: WARNA | B26: S | C26: M | D26: L | I26: BURGUNDY | P26: =SUM(K26:M26) -> 0
A27: MAHOGANY | F27: =SUM(B27:E27) -> 0 | I27: DENIM | P27: =SUM(K27:M27) -> 0
A28: BURGUNDY | F28: =SUM(B28:E28) -> 0 | I28: NAVY | P28: =SUM(K28:M28) -> 0
A29: BABYBLUE | F29: =SUM(B29:E29) -> 0 | I29: HITAM | P29: =SUM(K29:M29) -> 0
A30: COKSU | F30: =SUM(B30:E30) -> 0 | I30: DUSTY | P30: =SUM(K30:M30) -> 0
A31: NAVY | F31: =SUM(B31:E31) -> 0 | I31: BABYBLUE | P31: =SUM(K31:M31) -> 0
A32: HITAM | F32: =SUM(B32:E32) -> 0 | I32: MARON | P32: =SUM(K32:M32) -> 0
A33: DUSTY | F33: =SUM(B33:E33) -> 0 | I33: ROSEGOLD | P33: =SUM(K33:M33) -> 0
A34: ROSEGOLD | F34: =SUM(B34:E34) -> 0 | I34: SAGE | P34: =SUM(K34:M34) -> 0
A35: SAGE | F35: =SUM(B35:E35) -> 0 | I35: EMERALD GREEN | P35: =SUM(K35:M35) -> 0
A36: EMERALD GREEN | F36: =SUM(B36:E36) -> 0 | I36: SILVER | P36: =SUM(K36:M36) -> 0
A37: MILO | F37: =SUM(B37:E37) -> 0 | P37: =SUM(K37:M37) -> 0
A38: BROKEN WHITE | F38: =SUM(B38:E38) -> 0 | P38: =SUM(K38:M38) -> 0
A39: BUTTER YELLOW | F39: =SUM(B39:E39) -> 0 | P39: =SUM(K39:M39) -> 0
A40: EMERALD BLUE | F40: =SUM(B40:E40) -> 0 | P40: =SUM(K40:M40) -> 0
F41: =SUM(B41:E41) -> 0 | P41: =SUM(K41:M41) -> 0
F42: =SUM(B42:E42) -> 0 | O42: JUMLAH | P42: =SUBTOTAL(9,P25:P41) -> 0
F43: =SUM(B43:E43) -> 0
F44: =SUM(B44:E44) -> 0 | I44: JANGGAN PANJANG | O44: TOTAL
E45: JUMLAH | F45: =SUBTOTAL(9,F27:F44) -> 0 | I45: WARNA | J45: 6 | K45: 8 | L45: 10 | M45: 12 | N45: 14
I46: MAHOGANY | O46: =SUM(J46:N46) -> 0
I47: BERGUNDI | O47: =SUM(J47:L47) -> 0
I48: DENIM | O48: =SUM(J48:L48) -> 0
I49: COKSU | O49: =SUM(J49:L49) -> 0
I50: NAVY | O50: =SUM(J50:L50) -> 0
I51: HITAM | O51: =SUM(J51:L51) -> 0
I52: DUSTY | O52: =SUM(J52:L52) -> 0
I53: ROSEGOLD | O53: =SUM(J53:L53) -> 0
I54: SAGE | O54: =SUM(J54:L54) -> 0
I55: EMERALD GREEN | O55: =SUM(J55:L55) -> 0
I56: MILO | O56: =SUM(J56:L56) -> 0
I57: BROKEN WHITE | O57: =SUM(J57:L57) -> 0
I58: BUTTER YELLOW | O58: =SUM(J58:L58) -> 0
I59: EMERALD BLUE | O59: =SUM(J59:L59) -> 0
O60: =SUM(J60:L60) -> 0
O61: =SUM(J61:L61) -> 0
N62: JUMLAH | O62: =SUBTOTAL(9,O46:O61) -> 0
I67: ROK DUYUNG | P67: TOTAL
I68: WARNA | J68: 4 | K68: 6 | L68: 8 | M68: 10 | N68: 12 | O68: 14
I69: MAHOGANY | P69: =SUM(J69:O69) -> 0
I70: BERGUNDI | P70: =SUM(J70:O70) -> 0
I71: DENIM | P71: =SUM(J71:O71) -> 0
I72: COKSU | P72: =SUM(J72:O72) -> 0
I73: NAVY | P73: =SUM(J73:O73) -> 0
I74: HITAM | P74: =SUM(J74:O74) -> 0
I75: DUSTY | P75: =SUM(J75:O75) -> 0
I76: BABYBLUE | P76: =SUM(J76:O76) -> 0
I77: MARON | P77: =SUM(J77:O77) -> 0
I78: GOLD | P78: =SUM(J78:O78) -> 0
I79: SAGE | P79: =SUM(J79:O79) -> 0
I80: EMERALD BLUE | P80: =SUM(J80:O80) -> 0
... I82: BUTTER YELLOW | P82: =SUM(J82:O82) -> 0
P83: =SUM(J83:O83) -> 0
P84: =SUM(J84:O84) -> 0
P85: =SUM(J85:O85) -> 0
O86: JUMLAH | P86: =SUBTOTAL(9,P69:P85) -> 0

Sheet STOK
A1: KUTUBARU | F1: TOTAL | I1: GOTIK | P1: TOTAL
A2: WARNA | B2: S | C2: M | D2: L | E2: XL | I2: WARNA | J2: 4 | K2: 6 | L2: 8 | M2: 10 | N2: 12 | O2: 14
A3: MAHOGANY | B3: =-SUMIFS(KELUAR!$E:$E,KELUAR!$B:$B,"KUTUBARU",KELUAR!$C:$C,"MAHOGANY",KELUAR!$D:$D,"S")+SUMIFS(MASUK!$E:$E,MASUK!$B:$B,"KUTUBARU",MASUK!$C:$C,"MAHOGANY",MASUK!$D:$D,"S")+SO!B3 -> 0 | C3: =-SUMIFS(KELUAR!$E:$E,KELUAR!$B:$B,"KUTUBARU",KELUAR!$C:$C,"MAHOGANY",KELUAR!$D:$D,"M")+SUMIFS(MASUK!$E:$E,MASUK!$B:$B,"KUTUBARU",MASUK!$C:$C,"MAHOGANY",MASUK!$D:$D,"M")+SO!C3 -> 0 | D3: =-SUMIFS(KELUAR!$E:$E,KELUAR!$B:$B,"KUTUBARU",KELUAR!$C:$C,"MAHOGANY",KELUAR!$D:$D,"L")+SUMIFS(MASUK!$E:$E,MASUK!$B:$B,"KUTUBARU",MASUK!$C:$C,"MAHOGANY",MASUK!$D:$D,"L")+SO!D3 -> 0 | E3: =-SUMIFS(KELUAR!$E:$E,KELUAR!$B:$B,"KUTUBARU",KELUAR!$C:$C,"MAHOGANY",KELUAR!$D:$D,"XL")+SUMIFS(MASUK!$E:$E,MASUK!$B:$B,"KUTUBARU",MASUK!$C:$C,"MAHOGANY",MASUK!$D:$D,"XL")+SO!E3 -> 0 | F3: =SUM(B3:E3) -> 0 | I3: MAHOGANY | J3: =-SUMIFS(KELUAR!$E:$E,KELUAR!$B:$B,"GOTIK",KELUAR!$C:$C,"MAHOGANY",KELUAR!$D:$D,"4")+SUMIFS(MASUK!$E:$E,MASUK!$B:$B,"GOTIK",MASUK!$C:$C,"MAHOGANY",MASUK!$D:$D,"4")+SO!J3 -> 0 | K3: =-SUMIFS(KELUAR!$E:$E,KELUAR!$B:$B,"GOTIK",KELUAR!$C:$C,"MAHOGANY",KELUAR!$D:$D,"6")+SUMIFS(MASUK!$E:$E,MASUK!$B:$B,"GOTIK",MASUK!$C:$C,"MAHOGANY",MASUK!$D:$D,"6")+SO!K3 -> 0 | L3: =-SUMIFS(KELUAR!$E:$E,KELUAR!$B:$B,"GOTIK",KELUAR!$C:$C,"MAHOGANY",KELUAR!$D:$D,"8")+SUMIFS(MASUK!$E:$E,MASUK!$B:$B,"GOTIK",MASUK!$C:$C,"MAHOGANY",MASUK!$D:$D,"8")+SO!L3 -> 0 | M3: =-SUMIFS(KELUAR!$E:$E,KELUAR!$B:$B,"GOTIK",KELUAR!$C:$C,"MAHOGANY",KELUAR!$D:$D,"10")+SUMIFS(MASUK!$E:$E,MASUK!$B:$B,"GOTIK",MASUK!$C:$C,"MAHOGANY",MASUK!$D:$D,"10")+SO!M3 -> 0 | N3: =-SUMIFS(KELUAR!$E:$E,KELUAR!$B:$B,"GOTIK",KELUAR!$C:$C,"MAHOGANY",KELUAR!$D:$D,"12")+SUMIFS(MASUK!$E:$E,MASUK!$B:$B,"GOTIK",MASUK!$C:$C,"MAHOGANY",MASUK!$D:$D,"12")+SO!N3 -> 0 | O3: =-SUMIFS(KELUAR!$E:$E,KELUAR!$B:$B,"GOTIK",KELUAR!$C:$C,"MAHOGANY",KELUAR!$D:$D,"14")+SUMIFS(MASUK!$E:$E,MASUK!$B:$B,"GOTIK",MASUK!$C:$C,"MAHOGANY",MASUK!$D:$D,"14")+SO!O3 -> 0 | P3: =SUM(J3:O3) -> 0
A4: BURGUNDY | B4: =-SUMIFS(KELUAR!$E:$E,KELUAR!$B:$B,"KUTUBARU",KELUAR!$C:$C,"BURGUNDY",KELUAR!$D:$D,"S")+SUMIFS(MASUK!$E:$E,MASUK!$B:$B,"KUTUBARU",MASUK!$C:$C,"BURGUNDY",MASUK!$D:$D,"S")+SO!B4 -> 0 | C4: =-SUMIFS(KELUAR!$E:$E,KELUAR!$B:$B,"KUTUBARU",KELUAR!$C:$C,"BURGUNDY",KELUAR!$D:$D,"M")+SUMIFS(MASUK!$E:$E,MASUK!$B:$B,"KUTUBARU",MASUK!$C:$C,"BURGUNDY",MASUK!$D:$D,"M")+SO!C4 -> 0 | D4: =-SUMIFS(KELUAR!$E:$E,KELUAR!$B:$B,"KUTUBARU",KELUAR!$C:$C,"BURGUNDY",KELUAR!$D:$D,"L")+SUMIFS(MASUK!$E:$E,MASUK!$B:$B,"KUTUBARU",MASUK!$C:$C,"BURGUNDY",MASUK!$D:$D,"L")+SO!D4 -> 0 | E4: =-SUMIFS(KELUAR!$E:$E,KELUAR!$B:$B,"KUTUBARU",KELUAR!$C:$C,"BURGUNDY",KELUAR!$D:$D,"XL")+SUMIFS(MASUK!$E:$E,MASUK!$B:$B,"KUTUBARU",MASUK!$C:$C,"BURGUNDY",MASUK!$D:$D,"XL")+SO!E4 -> 0 | F4: =SUM(B4:E4) -> 0 | I4: BURGUNDY | J4: =-SUMIFS(KELUAR!$E:$E,KELUAR!$B:$B,"GOTIK",KELUAR!$C:$C,"BURGUNDY",KELUAR!$D:$D,"4")+SUMIFS(MASUK!$E:$E,MASUK!$B:$B,"GOTIK",MASUK!$C:$C,"BURGUNDY",MASUK!$D:$D,"4")+SO!J4 -> 0 | K4: =-SUMIFS(KELUAR!$E:$E,KELUAR!$B:$B,"GOTIK",KELUAR!$C:$C,"BURGUNDY",KELUAR!$D:$D,"6")+SUMIFS(MASUK!$E:$E,MASUK!$B:$B,"GOTIK",MASUK!$C:$C,"BURGUNDY",MASUK!$D:$D,"6")+SO!K4 -> 0 | L4: =-SUMIFS(KELUAR!$E:$E,KELUAR!$B:$B,"GOTIK",KELUAR!$C:$C,"BURGUNDY",KELUAR!$D:$D,"8")+SUMIFS(MASUK!$E:$E,MASUK!$B:$B,"GOTIK",MASUK!$C:$C,"BURGUNDY",MASUK!$D:$D,"8")+SO!L4 -> 0 | M4: =-SUMIFS(KELUAR!$E:$E,KELUAR!$B:$B,"GOTIK",KELUAR!$C:$C,"BURGUNDY",KELUAR!$D:$D,"10")+SUMIFS(MASUK!$E:$E,MASUK!$B:$B,"GOTIK",MASUK!$C:$C,"BURGUNDY",MASUK!$D:$D,"10")+SO!M4 -> 0 | N4: =-SUMIFS(KELUAR!$E:$E,KELUAR!$B:$B,"GOTIK",KELUAR!$C:$C,"BURGUNDY",KELUAR!$D:$D,"12")+SUMIFS(MASUK!$E:$E,MASUK!$B:$B,"GOTIK",MASUK!$C:$C,"BURGUNDY",MASUK!$D:$D,"12")+SO!N4 -> 0 | O4: =-SUMIFS(KELUAR!$E:$E,KELUAR!$B:$B,"GOTIK",KELUAR!$C:$C,"BURGUNDY",KELUAR!$D:$D,"14")+SUMIFS(MASUK!$E:$E,MASUK!$B:$B,"GOTIK",MASUK!$C:$C,"BURGUNDY",MASUK!$D:$D,"14")+SO!O4 -> 0 | P4: =SUM(J4:O4) -> 0
A5: DENIM | B5: =-SUMIFS(KELUAR!$E:$E,KELUAR!$B:$B,"KUTUBARU",KELUAR!$C:$C,"DENIM",KELUAR!$D:$D,"S")+SUMIFS(MASUK!$E:$E,MASUK!$B:$B,"KUTUBARU",MASUK!$C:$C,"DENIM",MASUK!$D:$D,"S")++SO!B5 -> 0 | C5: =-SUMIFS(KELUAR!$E:$E,KELUAR!$B:$B,"KUTUBARU",KELUAR!$C:$C,"DENIM",KELUAR!$D:$D,"M")+SUMIFS(MASUK!$E:$E,MASUK!$B:$B,"KUTUBARU",MASUK!$C:$C,"DENIM",MASUK!$D:$D,"M")+SO!C5 -> 0 | D5: =-SUMIFS(KELUAR!$E:$E,KELUAR!$B:$B,"KUTUBARU",KELUAR!$C:$C,"DENIM",KELUAR!$D:$D,"L")+SUMIFS(MASUK!$E:$E,MASUK!$B:$B,"KUTUBARU",MASUK!$C:$C,"DENIM",MASUK!$D:$D,"L")+SO!D5 -> 0 | E5: =-SUMIFS(KELUAR!$E:$E,KELUAR!$B:$B,"KUTUBARU",KELUAR!$C:$C,"DENIM",KELUAR!$D:$D,"XL")+SUMIFS(MASUK!$E:$E,MASUK!$B:$B,"KUTUBARU",MASUK!$C:$C,"DENIM",MASUK!$D:$D,"XL")+SO!E5 -> 0 | F5: =SUM(B5:E5) -> 0 | I5: DENIM | J5: =-SUMIFS(KELUAR!$E:$E,KELUAR!$B:$B,"GOTIK",KELUAR!$C:$C,"DENIM",KELUAR!$D:$D,"4")+SUMIFS(MASUK!$E:$E,MASUK!$B:$B,"GOTIK",MASUK!$C:$C,"DENIM",MASUK!$D:$D,"4")+SO!J5 -> 0 | K5: =-SUMIFS(KELUAR!$E:$E,KELUAR!$B:$B,"GOTIK",KELUAR!$C:$C,"DENIM",KELUAR!$D:$D,"6")+SUMIFS(MASUK!$E:$E,MASUK!$B:$B,"GOTIK",MASUK!$C:$C,"DENIM",MASUK!$D:$D,"6")+SO!K5 -> 0 | L5: =-SUMIFS(KELUAR!$E:$E,KELUAR!$B:$B,"GOTIK",KELUAR!$C:$C,"DENIM",KELUAR!$D:$D,"8")+SUMIFS(MASUK!$E:$E,MASUK!$B:$B,"GOTIK",MASUK!$C:$C,"DENIM",MASUK!$D:$D,"8")+SO!L5 -> 0 | M5: =-SUMIFS(KELUAR!$E:$E,KELUAR!$B:$B,"GOTIK",KELUAR!$C:$C,"DENIM",KELUAR!$D:$D,"10")+SUMIFS(MASUK!$E:$E,MASUK!$B:$B,"GOTIK",MASUK!$C:$C,"DENIM",MASUK!$D:$D,"10")+SO!M5 -> 0 | N5: =-SUMIFS(KELUAR!$E:$E,KELUAR!$B:$B,"GOTIK",KELUAR!$C:$C,"DENIM",KELUAR!$D:$D,"12")+SUMIFS(MASUK!$E:$E,MASUK!$B:$B,"GOTIK",MASUK!$C:$C,"DENIM",MASUK!$D:$D,"12")+SO!N5 -> 0 | O5: =-SUMIFS(KELUAR!$E:$E,KELUAR!$B:$B,"GOTIK",KELUAR!$C:$C,"DENIM",KELUAR!$D:$D,"14")+SUMIFS(MASUK!$E:$E,MASUK!$B:$B,"GOTIK",MASUK!$C:$C,"DENIM",MASUK!$D:$D,"14")+SO!O5 -> 0 | P5: =SUM(J5:O5) -> 0
A6: COKSU | B6: =-SUMIFS(KELUAR!$E:$E,KELUAR!$B:$B,"KUTUBARU",KELUAR!$C:$C,"COKSU",KELUAR!$D:$D,"S")+SUMIFS(MASUK!$E:$E,MASUK!$B:$B,"KUTUBARU",MASUK!$C:$C,"COKSU",MASUK!$D:$D,"S")++SO!B6 -> 0 | C6: =-SUMIFS(KELUAR!$E:$E,KELUAR!$B:$B,"KUTUBARU",KELUAR!$C:$C,"COKSU",KELUAR!$D:$D,"M")+SUMIFS(MASUK!$E:$E,MASUK!$B:$B,"KUTUBARU",MASUK!$C:$C,"COKSU",MASUK!$D:$D,"M")+SO!C6 -> 0 | D6: =-SUMIFS(KELUAR!$E:$E,KELUAR!$B:$B,"KUTUBARU",KELUAR!$C:$C,"COKSU",KELUAR!$D:$D,"L")+SUMIFS(MASUK!$E:$E,MASUK!$B:$B,"KUTUBARU",MASUK!$C:$C,"COKSU",MASUK!$D:$D,"L")+SO!D6 -> 0 | E6: =-SUMIFS(KELUAR!$E:$E,KELUAR!$B:$B,"KUTUBARU",KELUAR!$C:$C,"COKSU",KELUAR!$D:$D,"XL")+SUMIFS(MASUK!$E:$E,MASUK!$B:$B,"KUTUBARU",MASUK!$C:$C,"COKSU",MASUK!$D:$D,"XL")+SO!E6 -> 0 | F6: =SUM(B6:E6) -> 0 | I6: COKSU | J6: =-SUMIFS(KELUAR!$E:$E,KELUAR!$B:$B,"GOTIK",KELUAR!$C:$C,"COKSU",KELUAR!$D:$D,"4")+SUMIFS(MASUK!$E:$E,MASUK!$B:$B,"GOTIK",MASUK!$C:$C,"COKSU",MASUK!$D:$D,"4")+SO!J6 -> 0 | K6: =-SUMIFS(KELUAR!$E:$E,KELUAR!$B:$B,"GOTIK",KELUAR!$C:$C,"COKSU",KELUAR!$D:$D,"6")+SUMIFS(MASUK!$E:$E,MASUK!$B:$B,"GOTIK",MASUK!$C:$C,"COKSU",MASUK!$D:$D,"6")+SO!K6 -> 0 | L6: =-SUMIFS(KELUAR!$E:$E,KELUAR!$B:$B,"GOTIK",KELUAR!$C:$C,"COKSU",KELUAR!$D:$D,"8")+SUMIFS(MASUK!$E:$E,MASUK!$B:$B,"GOTIK",MASUK!$C:$C,"COKSU",MASUK!$D:$D,"8")+SO!L6 -> 0 | M6: =-SUMIFS(KELUAR!$E:$E,KELUAR!$B:$B,"GOTIK",KELUAR!$C:$C,"COKSU",KELUAR!$D:$D,"10")+SUMIFS(MASUK!$E:$E,MASUK!$B:$B,"GOTIK",MASUK!$C:$C,"COKSU",MASUK!$D:$D,"10")+SO!M6 -> 0 | N6: =-SUMIFS(KELUAR!$E:$E,KELUAR!$B:$B,"GOTIK",KELUAR!$C:$C,"COKSU",KELUAR!$D:$D,"12")+SUMIFS(MASUK!$E:$E,MASUK!$B:$B,"GOTIK",MASUK!$C:$C,"COKSU",MASUK!$D:$D,"12")+SO!N6 -> 0 | O6: =-SUMIFS(KELUAR!$E:$E,KELUAR!$B:$B,"GOTIK",KELUAR!$C:$C,"COKSU",KELUAR!$D:$D,"14")+SUMIFS(MASUK!$E:$E,MASUK!$B:$B,"GOTIK",MASUK!$C:$C,"COKSU",MASUK!$D:$D,"14")+SO!O6 -> 0 | P6: =SUM(J6:O6) -> 0
A7: NAVY | B7: =-SUMIFS(KELUAR!$E:$E,KELUAR!$B:$B,"KUTUBARU",KELUAR!$C:$C,"NAVY",KELUAR!$D:$D,"S")+SUMIFS(MASUK!$E:$E,MASUK!$B:$B,"KUTUBARU",MASUK!$C:$C,"NAVY",MASUK!$D:$D,"S")+SO!B7 -> 0 | C7: =-SUMIFS(KELUAR!$E:$E,KELUAR!$B:$B,"KUTUBARU",KELUAR!$C:$C,"NAVY",KELUAR!$D:$D,"M")+SUMIFS(MASUK!$E:$E,MASUK!$B:$B,"KUTUBARU",MASUK!$C:$C,"NAVY",MASUK!$D:$D,"M")+SO!C7 -> 0 | D7: =-SUMIFS(KELUAR!$E:$E,KELUAR!$B:$B,"KUTUBARU",KELUAR!$C:$C,"NAVY",KELUAR!$D:$D,"L")+SUMIFS(MASUK!$E:$E,MASUK!$B:$B,"KUTUBARU",MASUK!$C:$C,"NAVY",MASUK!$D:$D,"L")+SO!D7 -> 0 | E7: =-SUMIFS(KELUAR!$E:$E,KELUAR!$B:$B,"KUTUBARU",KELUAR!$C:$C,"NAVY",KELUAR!$D:$D,"XL")+SUMIFS(MASUK!$E:$E,MASUK!$B:$B,"KUTUBARU",MASUK!$C:$C,"NAVY",MASUK!$D:$D,"XL")+SO!E7 -> 0 | F7: =SUM(B7:E7) -> 0 | I7: NAVY | J7: =-SUMIFS(KELUAR!$E:$E,KELUAR!$B:$B,"GOTIK",KELUAR!$C:$C,"NAVY",KELUAR!$D:$D,"4")+SUMIFS(MASUK!$E:$E,MASUK!$B:$B,"GOTIK",MASUK!$C:$C,"NAVY",MASUK!$D:$D,"4")+SO!J7 -> 0 | K7: =-SUMIFS(KELUAR!$E:$E,KELUAR!$B:$B,"GOTIK",KELUAR!$C:$C,"NAVY",KELUAR!$D:$D,"6")+SUMIFS(MASUK!$E:$E,MASUK!$B:$B,"GOTIK",MASUK!$C:$C,"NAVY",MASUK!$D:$D,"6")+SO!K7 -> 0 | L7: =-SUMIFS(KELUAR!$E:$E,KELUAR!$B:$B,"GOTIK",KELUAR!$C:$C,"NAVY",KELUAR!$D:$D,"8")+SUMIFS(MASUK!$E:$E,MASUK!$B:$B,"GOTIK",MASUK!$C:$C,"NAVY",MASUK!$D:$D,"8")+SO!L7 -> 0 | M7: =-SUMIFS(KELUAR!$E:$E,KELUAR!$B:$B,"GOTIK",KELUAR!$C:$C,"NAVY",KELUAR!$D:$D,"10")+SUMIFS(MASUK!$E:$E,MASUK!$B:$B,"GOTIK",MASUK!$C:$C,"NAVY",MASUK!$D:$D,"10")+SO!M7 -> 0 | N7: =-SUMIFS(KELUAR!$E:$E,KELUAR!$B:$B,"GOTIK",KELUAR!$C:$C,"NAVY",KELUAR!$D:$D,"12")+SUMIFS(MASUK!$E:$E,MASUK!$B:$B,"GOTIK",MASUK!$C:$C,"NAVY",MASUK!$D:$D,"12")+SO!N7 -> 0 | O7: =-SUMIFS(KELUAR!$E:$E,KELUAR!$B:$B,"GOTIK",KELUAR!$C:$C,"NAVY",KELUAR!$D:$D,"14")+SUMIFS(MASUK!$E:$E,MASUK!$B:$B,"GOTIK",MASUK!$C:$C,"NAVY",MASUK!$D:$D,"14")+SO!O7 -> 0 | P7: =SUM(J7:O7) -> 0
A8: HITAM | B8: =-SUMIFS(KELUAR!$E:$E,KELUAR!$B:$B,"KUTUBARU",KELUAR!$C:$C,"HITAM",KELUAR!$D:$D,"S")+SUMIFS(MASUK!$E:$E,MASUK!$B:$B,"KUTUBARU",MASUK!$C:$C,"HITAM",MASUK!$D:$D,"S")++SO!B8 -> 0 | C8: =-SUMIFS(KELUAR!$E:$E,KELUAR!$B:$B,"KUTUBARU",KELUAR!$C:$C,"HITAM",KELUAR!$D:$D,"M")+SUMIFS(MASUK!$E:$E,MASUK!$B:$B,"KUTUBARU",MASUK!$C:$C,"HITAM",MASUK!$D:$D,"M")+SO!C8 -> 0 | D8: =-SUMIFS(KELUAR!$E:$E,KELUAR!$B:$B,"KUTUBARU",KELUAR!$C:$C,"HITAM",KELUAR!$D:$D,"L")+SUMIFS(MASUK!$E:$E,MASUK!$B:$B,"KUTUBARU",MASUK!$C:$C,"HITAM",MASUK!$D:$D,"L")+SO!D8 -> 0 | E8: =-SUMIFS(KELUAR!$E:$E,KELUAR!$B:$B,"KUTUBARU",KELUAR!$C:$C,"HITAM",KELUAR!$D:$D,"XL")+SUMIFS(MASUK!$E:$E,MASUK!$B:$B,"KUTUBARU",MASUK!$C:$C,"HITAM",MASUK!$D:$D,"XL")+SO!E8 -> 0 | F8: =SUM(B8:E8) -> 0 | I8: HITAM | J8: =-SUMIFS(KELUAR!$E:$E,KELUAR!$B:$B,"GOTIK",KELUAR!$C:$C,"HITAM",KELUAR!$D:$D,"4")+SUMIFS(MASUK!$E:$E,MASUK!$B:$B,"GOTIK",MASUK!$C:$C,"HITAM",MASUK!$D:$D,"4")+SO!J8 -> 0 | K8: =-SUMIFS(KELUAR!$E:$E,KELUAR!$B:$B,"GOTIK",KELUAR!$C:$C,"HITAM",KELUAR!$D:$D,"6")+SUMIFS(MASUK!$E:$E,MASUK!$B:$B,"GOTIK",MASUK!$C:$C,"HITAM",MASUK!$D:$D,"6")+SO!K8 -> 0 | L8: =-SUMIFS(KELUAR!$E:$E,KELUAR!$B:$B,"GOTIK",KELUAR!$C:$C,"HITAM",KELUAR!$D:$D,"8")+SUMIFS(MASUK!$E:$E,MASUK!$B:$B,"GOTIK",MASUK!$C:$C,"HITAM",MASUK!$D:$D,"8")+SO!L8 -> 0 | M8: =-SUMIFS(KELUAR!$E:$E,KELUAR!$B:$B,"GOTIK",KELUAR!$C:$C,"HITAM",KELUAR!$D:$D,"10")+SUMIFS(MASUK!$E:$E,MASUK!$B:$B,"GOTIK",MASUK!$C:$C,"HITAM",MASUK!$D:$D,"10")+SO!M8 -> 0 | N8: =-SUMIFS(KELUAR!$E:$E,KELUAR!$B:$B,"GOTIK",KELUAR!$C:$C,"HITAM",KELUAR!$D:$D,"12")+SUMIFS(MASUK!$E:$E,MASUK!$B:$B,"GOTIK",MASUK!$C:$C,"HITAM",MASUK!$D:$D,"12")+SO!N8 -> 0 | O8: =-SUMIFS(KELUAR!$E:$E,KELUAR!$B:$B,"GOTIK",KELUAR!$C:$C,"HITAM",KELUAR!$D:$D,"14")+SUMIFS(MASUK!$E:$E,MASUK!$B:$B,"GOTIK",MASUK!$C:$C,"HITAM",MASUK!$D:$D,"14")+SO!O8 -> 0 | P8: =SUM(J8:O8) -> 0
A9: DUSTY | B9: =-SUMIFS(KELUAR!$E:$E,KELUAR!$B:$B,"KUTUBARU",KELUAR!$C:$C,"DUSTY",KELUAR!$D:$D,"S")+SUMIFS(MASUK!$E:$E,MASUK!$B:$B,"KUTUBARU",MASUK!$C:$C,"DUSTY",MASUK!$D:$D,"S")++SO!B9 -> 0 | C9: =-SUMIFS(KELUAR!$E:$E,KELUAR!$B:$B,"KUTUBARU",KELUAR!$C:$C,"DUSTY",KELUAR!$D:$D,"M")+SUMIFS(MASUK!$E:$E,MASUK!$B:$B,"KUTUBARU",MASUK!$C:$C,"DUSTY",MASUK!$D:$D,"M")+SO!C9 -> 0 | D9: =-SUMIFS(KELUAR!$E:$E,KELUAR!$B:$B,"KUTUBARU",KELUAR!$C:$C,"DUSTY",KELUAR!$D:$D,"L")+SUMIFS(MASUK!$E:$E,MASUK!$B:$B,"KUTUBARU",MASUK!$C:$C,"DUSTY",MASUK!$D:$D,"L")+SO!D9 -> 0 | E9: =-SUMIFS(KELUAR!$E:$E,KELUAR!$B:$B,"KUTUBARU",KELUAR!$C:$C,"DUSTY",KELUAR!$D:$D,"XL")+SUMIFS(MASUK!$E:$E,MASUK!$B:$B,"KUTUBARU",MASUK!$C:$C,"DUSTY",MASUK!$D:$D,"XL")+SO!E9 -> 0 | F9: =SUM(B9:E9) -> 0 | I9: DUSTY | J9: =-SUMIFS(KELUAR!$E:$E,KELUAR!$B:$B,"GOTIK",KELUAR!$C:$C,"DUSTY",KELUAR!$D:$D,"4")+SUMIFS(MASUK!$E:$E,MASUK!$B:$B,"GOTIK",MASUK!$C:$C,"DUSTY",MASUK!$D:$D,"4")+SO!J9 -> 0 | K9: =-SUMIFS(KELUAR!$E:$E,KELUAR!$B:$B,"GOTIK",KELUAR!$C:$C,"DUSTY",KELUAR!$D:$D,"6")+SUMIFS(MASUK!$E:$E,MASUK!$B:$B,"GOTIK",MASUK!$C:$C,"DUSTY",MASUK!$D:$D,"6")+SO!K9 -> 0 | L9: =-SUMIFS(KELUAR!$E:$E,KELUAR!$B:$B,"GOTIK",KELUAR!$C:$C,"DUSTY",KELUAR!$D:$D,"8")+SUMIFS(MASUK!$E:$E,MASUK!$B:$B,"GOTIK",MASUK!$C:$C,"DUSTY",MASUK!$D:$D,"8")+SO!L9 -> 0 | M9: =-SUMIFS(KELUAR!$E:$E,KELUAR!$B:$B,"GOTIK",KELUAR!$C:$C,"DUSTY",KELUAR!$D:$D,"10")+SUMIFS(MASUK!$E:$E,MASUK!$B:$B,"GOTIK",MASUK!$C:$C,"DUSTY",MASUK!$D:$D,"10")+SO!M9 -> 0 | N9: =-SUMIFS(KELUAR!$E:$E,KELUAR!$B:$B,"GOTIK",KELUAR!$C:$C,"DUSTY",KELUAR!$D:$D,"12")+SUMIFS(MASUK!$E:$E,MASUK!$B:$B,"GOTIK",MASUK!$C:$C,"DUSTY",MASUK!$D:$D,"12")+SO!N9 -> 0 | O9: =-SUMIFS(KELUAR!$E:$E,KELUAR!$B:$B,"GOTIK",KELUAR!$C:$C,"DUSTY",KELUAR!$D:$D,"14")+SUMIFS(MASUK!$E:$E,MASUK!$B:$B,"GOTIK",MASUK!$C:$C,"DUSTY",MASUK!$D:$D,"14")+SO!O9 -> 0 | P9: =SUM(J9:O9) -> 0
A10: BABYBLUE | B10: =-SUMIFS(KELUAR!$E:$E,KELUAR!$B:$B,"KUTUBARU",KELUAR!$C:$C,"BABYBLUE",KELUAR!$D:$D,"S")+SUMIFS(MASUK!$E:$E,MASUK!$B:$B,"KUTUBARU",MASUK!$C:$C,"BABYBLUE",MASUK!$D:$D,"S")++SO!B10 -> 0 | C10: =-SUMIFS(KELUAR!$E:$E,KELUAR!$B:$B,"KUTUBARU",KELUAR!$C:$C,"BABYBLUE",KELUAR!$D:$D,"M")+SUMIFS(MASUK!$E:$E,MASUK!$B:$B,"KUTUBARU",MASUK!$C:$C,"BABYBLUE",MASUK!$D:$D,"M")+SO!C10 -> 0 | D10: =-SUMIFS(KELUAR!$E:$E,KELUAR!$B:$B,"KUTUBARU",KELUAR!$C:$C,"BABYBLUE",KELUAR!$D:$D,"L")+SUMIFS(MASUK!$E:$E,MASUK!$B:$B,"KUTUBARU",MASUK!$C:$C,"BABYBLUE",MASUK!$D:$D,"L")+SO!D10 -> 0 | E10: =-SUMIFS(KELUAR!$E:$E,KELUAR!$B:$B,"KUTUBARU",KELUAR!$C:$C,"BABYBLUE",KELUAR!$D:$D,"XL")+SUMIFS(MASUK!$E:$E,MASUK!$B:$B,"KUTUBARU",MASUK!$C:$C,"BABYBLUE",MASUK!$D:$D,"XL")+SO!E10 -> 0 | F10: =SUM(B10:E10) -> 0 | I10: BABYBLUE | J10: =-SUMIFS(KELUAR!$E:$E,KELUAR!$B:$B,"GOTIK",KELUAR!$C:$C,"BABYBLUE",KELUAR!$D:$D,"4")+SUMIFS(MASUK!$E:$E,MASUK!$B:$B,"GOTIK",MASUK!$C:$C,"BABYBLUE",MASUK!$D:$D,"4")+SO!J10 -> 0 | K10: =-SUMIFS(KELUAR!$E:$E,KELUAR!$B:$B,"GOTIK",KELUAR!$C:$C,"BABYBLUE",KELUAR!$D:$D,"6")+SUMIFS(MASUK!$E:$E,MASUK!$B:$B,"GOTIK",MASUK!$C:$C,"BABYBLUE",MASUK!$D:$D,"6")+SO!K10 -> 0 | L10: =-SUMIFS(KELUAR!$E:$E,KELUAR!$B:$B,"GOTIK",KELUAR!$C:$C,"BABYBLUE",KELUAR!$D:$D,"8")+SUMIFS(MASUK!$E:$E,MASUK!$B:$B,"GOTIK",MASUK!$C:$C,"BABYBLUE",MASUK!$D:$D,"8")+SO!L10 -> 0 | M10: =-SUMIFS(KELUAR!$E:$E,KELUAR!$B:$B,"GOTIK",KELUAR!$C:$C,"BABYBLUE",KELUAR!$D:$D,"10")+SUMIFS(MASUK!$E:$E,MASUK!$B:$B,"GOTIK",MASUK!$C:$C,"BABYBLUE",MASUK!$D:$D,"10")+SO!M10 -> 0 | N10: =-SUMIFS(KELUAR!$E:$E,KELUAR!$B:$B,"GOTIK",KELUAR!$C:$C,"BABYBLUE",KELUAR!$D:$D,"12")+SUMIFS(MASUK!$E:$E,MASUK!$B:$B,"GOTIK",MASUK!$C:$C,"BABYBLUE",MASUK!$D:$D,"12")+SO!N10 -> 0 | O10: =-SUMIFS(KELUAR!$E:$E,KELUAR!$B:$B,"GOTIK",KELUAR!$C:$C,"BABYBLUE",KELUAR!$D:$D,"14")+SUMIFS(MASUK!$E:$E,MASUK!$B:$B,"GOTIK",MASUK!$C:$C,"BABYBLUE",MASUK!$D:$D,"14")+SO!O10 -> 0 | P10: =SUM(J10:O10) -> 0
A11: MAROON | B11: =-SUMIFS(KELUAR!$E:$E,KELUAR!$B:$B,"KUTUBARU",KELUAR!$C:$C,"MAROON",KELUAR!$D:$D,"S")+SUMIFS(MASUK!$E:$E,MASUK!$B:$B,"KUTUBARU",MASUK!$C:$C,"MAROON",MASUK!$D:$D,"S")+SO!B11 -> 0 | C11: =-SUMIFS(KELUAR!$E:$E,KELUAR!$B:$B,"KUTUBARU",KELUAR!$C:$C,"MAROON",KELUAR!$D:$D,"M")+SUMIFS(MASUK!$E:$E,MASUK!$B:$B,"KUTUBARU",MASUK!$C:$C,"MAROON",MASUK!$D:$D,"M")+SO!C11 -> 0 | D11: =-SUMIFS(KELUAR!$E:$E,KELUAR!$B:$B,"KUTUBARU",KELUAR!$C:$C,"MAROON",KELUAR!$D:$D,"L")+SUMIFS(MASUK!$E:$E,MASUK!$B:$B,"KUTUBARU",MASUK!$C:$C,"MAROON",MASUK!$D:$D,"L")+SO!D11 -> 0 | E11: =-SUMIFS(KELUAR!$E:$E,KELUAR!$B:$B,"KUTUBARU",KELUAR!$C:$C,"MAROON",KELUAR!$D:$D,"XL")+SUMIFS(MASUK!$E:$E,MASUK!$B:$B,"KUTUBARU",MASUK!$C:$C,"MAROON",MASUK!$D:$D,"XL")+SO!E11 -> 0 | F11: =SUM(B11:E11) -> 0 | I11: MAROON | J11: =-SUMIFS(KELUAR!$E:$E,KELUAR!$B:$B,"GOTIK",KELUAR!$C:$C,"MAROON",KELUAR!$D:$D,"4")+SUMIFS(MASUK!$E:$E,MASUK!$B:$B,"GOTIK",MASUK!$C:$C,"MAROON",MASUK!$D:$D,"4")+SO!J11 -> 0 | K11: =-SUMIFS(KELUAR!$E:$E,KELUAR!$B:$B,"GOTIK",KELUAR!$C:$C,"MAROON",KELUAR!$D:$D,"6")+SUMIFS(MASUK!$E:$E,MASUK!$B:$B,"GOTIK",MASUK!$C:$C,"MAROON",MASUK!$D:$D,"6")+SO!K11 -> 0 | L11: =-SUMIFS(KELUAR!$E:$E,KELUAR!$B:$B,"GOTIK",KELUAR!$C:$C,"MAROON",KELUAR!$D:$D,"8")+SUMIFS(MASUK!$E:$E,MASUK!$B:$B,"GOTIK",MASUK!$C:$C,"MAROON",MASUK!$D:$D,"8")+SO!L11 -> 0 | M11: =-SUMIFS(KELUAR!$E:$E,KELUAR!$B:$B,"GOTIK",KELUAR!$C:$C,"MAROON",KELUAR!$D:$D,"10")+SUMIFS(MASUK!$E:$E,MASUK!$B:$B,"GOTIK",MASUK!$C:$C,"MAROON",MASUK!$D:$D,"10")+SO!M11 -> 0 | N11: =-SUMIFS(KELUAR!$E:$E,KELUAR!$B:$B,"GOTIK",KELUAR!$C:$C,"MAROON",KELUAR!$D:$D,"12")+SUMIFS(MASUK!$E:$E,MASUK!$B:$B,"GOTIK",MASUK!$C:$C,"MAROON",MASUK!$D:$D,"12")+SO!N11 -> 0 | O11: =-SUMIFS(KELUAR!$E:$E,KELUAR!$B:$B,"GOTIK",KELUAR!$C:$C,"MAROON",KELUAR!$D:$D,"14")+SUMIFS(MASUK!$E:$E,MASUK!$B:$B,"GOTIK",MASUK!$C:$C,"MAROON",MASUK!$D:$D,"14")+SO!O11 -> 0 | P11: =SUM(J11:O11) -> 0
A12: GOLD | B12: =-SUMIFS(KELUAR!$E:$E,KELUAR!$B:$B,"KUTUBARU",KELUAR!$C:$C,"GOLD",KELUAR!$D:$D,"S")+SUMIFS(MASUK!$E:$E,MASUK!$B:$B,"KUTUBARU",MASUK!$C:$C,"GOLD",MASUK!$D:$D,"S")++SO!B12 -> 0 | C12: =-SUMIFS(KELUAR!$E:$E,KELUAR!$B:$B,"KUTUBARU",KELUAR!$C:$C,"GOLD",KELUAR!$D:$D,"M")+SUMIFS(MASUK!$E:$E,MASUK!$B:$B,"KUTUBARU",MASUK!$C:$C,"GOLD",MASUK!$D:$D,"M")+SO!C12 -> 0 | D12: =-SUMIFS(KELUAR!$E:$E,KELUAR!$B:$B,"KUTUBARU",KELUAR!$C:$C,"GOLD",KELUAR!$D:$D,"L")+SUMIFS(MASUK!$E:$E,MASUK!$B:$B,"KUTUBARU",MASUK!$C:$C,"GOLD",MASUK!$D:$D,"L")+SO!D12 -> 0 | E12: =-SUMIFS(KELUAR!$E:$E,KELUAR!$B:$B,"KUTUBARU",KELUAR!$C:$C,"GOLD",KELUAR!$D:$D,"XL")+SUMIFS(MASUK!$E:$E,MASUK!$B:$B,"KUTUBARU",MASUK!$C:$C,"GOLD",MASUK!$D:$D,"XL")+SO!E12 -> 0 | F12: =SUM(B12:E12) -> 0 | I12: GOLD | J12: =-SUMIFS(KELUAR!$E:$E,KELUAR!$B:$B,"GOTIK",KELUAR!$C:$C,"GOLD",KELUAR!$D:$D,"4")+SUMIFS(MASUK!$E:$E,MASUK!$B:$B,"GOTIK",MASUK!$C:$C,"GOLD",MASUK!$D:$D,"4")+SO!J12 -> 0 | K12: =-SUMIFS(KELUAR!$E:$E,KELUAR!$B:$B,"GOTIK",KELUAR!$C:$C,"GOLD",KELUAR!$D:$D,"6")+SUMIFS(MASUK!$E:$E,MASUK!$B:$B,"GOTIK",MASUK!$C:$C,"GOLD",MASUK!$D:$D,"6")+SO!K12 -> 0 | L12: =-SUMIFS(KELUAR!$E:$E,KELUAR!$B:$B,"GOTIK",KELUAR!$C:$C,"GOLD",KELUAR!$D:$D,"8")+SUMIFS(MASUK!$E:$E,MASUK!$B:$B,"GOTIK",MASUK!$C:$C,"GOLD",MASUK!$D:$D,"8")+SO!L12 -> 0 | M12: =-SUMIFS(KELUAR!$E:$E,KELUAR!$B:$B,"GOTIK",KELUAR!$C:$C,"GOLD",KELUAR!$D:$D,"10")+SUMIFS(MASUK!$E:$E,MASUK!$B:$B,"GOTIK",MASUK!$C:$C,"GOLD",MASUK!$D:$D,"10")+SO!M12 -> 0 | N12: =-SUMIFS(KELUAR!$E:$E,KELUAR!$B:$B,"GOTIK",KELUAR!$C:$C,"GOLD",KELUAR!$D:$D,"12")+SUMIFS(MASUK!$E:$E,MASUK!$B:$B,"GOTIK",MASUK!$C:$C,"GOLD",MASUK!$D:$D,"12")+SO!N12 -> 0 | O12: =-SUMIFS(KELUAR!$E:$E,KELUAR!$B:$B,"GOTIK",KELUAR!$C:$C,"GOLD",KELUAR!$D:$D,"14")+SUMIFS(MASUK!$E:$E,MASUK!$B:$B,"GOTIK",MASUK!$C:$C,"GOLD",MASUK!$D:$D,"14")+SO!O12 -> 0 | P12: =SUM(J12:O12) -> 0
A13: SAGE | B13: =-SUMIFS(KELUAR!$E:$E,KELUAR!$B:$B,"KUTUBARU",KELUAR!$C:$C,"SAGE",KELUAR!$D:$D,"S")+SUMIFS(MASUK!$E:$E,MASUK!$B:$B,"KUTUBARU",MASUK!$C:$C,"SAGE",MASUK!$D:$D,"S")++SO!B13 -> 0 | C13: =-SUMIFS(KELUAR!$E:$E,KELUAR!$B:$B,"KUTUBARU",KELUAR!$C:$C,"SAGE",KELUAR!$D:$D,"M")+SUMIFS(MASUK!$E:$E,MASUK!$B:$B,"KUTUBARU",MASUK!$C:$C,"SAGE",MASUK!$D:$D,"M")+SO!C13 -> 0 | D13: =-SUMIFS(KELUAR!$E:$E,KELUAR!$B:$B,"KUTUBARU",KELUAR!$C:$C,"SAGE",KELUAR!$D:$D,"L")+SUMIFS(MASUK!$E:$E,MASUK!$B:$B,"KUTUBARU",MASUK!$C:$C,"SAGE",MASUK!$D:$D,"L")+SO!D13 -> 0 | E13: =-SUMIFS(KELUAR!$E:$E,KELUAR!$B:$B,"KUTUBARU",KELUAR!$C:$C,"SAGE",KELUAR!$D:$D,"XL")+SUMIFS(MASUK!$E:$E,MASUK!$B:$B,"KUTUBARU",MASUK!$C:$C,"SAGE",MASUK!$D:$D,"XL")+SO!E13 -> 0 | F13: =SUM(B13:E13) -> 0 | I13: SAGE | J13: =-SUMIFS(KELUAR!$E:$E,KELUAR!$B:$B,"GOTIK",KELUAR!$C:$C,"sage",KELUAR!$D:$D,"4")+SUMIFS(MASUK!$E:$E,MASUK!$B:$B,"GOTIK",MASUK!$C:$C,"sage",MASUK!$D:$D,"4")+SO!J13 -> 0 | K13: =-SUMIFS(KELUAR!$E:$E,KELUAR!$B:$B,"GOTIK",KELUAR!$C:$C,"sage",KELUAR!$D:$D,"6")+SUMIFS(MASUK!$E:$E,MASUK!$B:$B,"GOTIK",MASUK!$C:$C,"sage",MASUK!$D:$D,"6")+SO!K13 -> 0 | L13: =-SUMIFS(KELUAR!$E:$E,KELUAR!$B:$B,"GOTIK",KELUAR!$C:$C,"sage",KELUAR!$D:$D,"8")+SUMIFS(MASUK!$E:$E,MASUK!$B:$B,"GOTIK",MASUK!$C:$C,"sage",MASUK!$D:$D,"8")+SO!L13 -> 0 | M13: =-SUMIFS(KELUAR!$E:$E,KELUAR!$B:$B,"GOTIK",KELUAR!$C:$C,"sage",KELUAR!$D:$D,"10")+SUMIFS(MASUK!$E:$E,MASUK!$B:$B,"GOTIK",MASUK!$C:$C,"sage",MASUK!$D:$D,"10")+SO!M13 -> 0 | N13: =-SUMIFS(KELUAR!$E:$E,KELUAR!$B:$B,"GOTIK",KELUAR!$C:$C,"sage",KELUAR!$D:$D,"12")+SUMIFS(MASUK!$E:$E,MASUK!$B:$B,"GOTIK",MASUK!$C:$C,"sage",MASUK!$D:$D,"12")+SO!N13 -> 0 | O13: =-SUMIFS(KELUAR!$E:$E,KELUAR!$B:$B,"GOTIK",KELUAR!$C:$C,"sage",KELUAR!$D:$D,"14")+SUMIFS(MASUK!$E:$E,MASUK!$B:$B,"GOTIK",MASUK!$C:$C,"sage",MASUK!$D:$D,"14")+SO!O13 -> 0 | P13: =SUM(J13:O13) -> 0
A14: EMERALD GREEN | B14: =-SUMIFS(KELUAR!$E:$E,KELUAR!$B:$B,"KUTUBARU",KELUAR!$C:$C,"EMERALD GREEN",KELUAR!$D:$D,"S")+SUMIFS(MASUK!$E:$E,MASUK!$B:$B,"KUTUBARU",MASUK!$C:$C,"EMERALD GREEN",MASUK!$D:$D,"S")++SO!B14 -> 0 | C14: =-SUMIFS(KELUAR!$E:$E,KELUAR!$B:$B,"KUTUBARU",KELUAR!$C:$C,"EMERALD GREEN",KELUAR!$D:$D,"M")+SUMIFS(MASUK!$E:$E,MASUK!$B:$B,"KUTUBARU",MASUK!$C:$C,"EMERALD GREEN",MASUK!$D:$D,"M")+SO!C14 -> 0 | D14: =-SUMIFS(KELUAR!$E:$E,KELUAR!$B:$B,"KUTUBARU",KELUAR!$C:$C,"EMERALD GREEN",KELUAR!$D:$D,"L")+SUMIFS(MASUK!$E:$E,MASUK!$B:$B,"KUTUBARU",MASUK!$C:$C,"EMERALD GREEN",MASUK!$D:$D,"L")+SO!D14 -> 0 | E14: =-SUMIFS(KELUAR!$E:$E,KELUAR!$B:$B,"KUTUBARU",KELUAR!$C:$C,"EMERALD GREEN",KELUAR!$D:$D,"XL")+SUMIFS(MASUK!$E:$E,MASUK!$B:$B,"KUTUBARU",MASUK!$C:$C,"EMERALD GREEN",MASUK!$D:$D,"XL")+SO!E14 -> 0 | F14: =SUM(B14:E14) -> 0 | I14: EMERALD BLUE | J14: =-SUMIFS(KELUAR!$E:$E,KELUAR!$B:$B,"GOTIK",KELUAR!$C:$C,"emerald blue",KELUAR!$D:$D,"4")+SUMIFS(MASUK!$E:$E,MASUK!$B:$B,"GOTIK",MASUK!$C:$C,"emerald blue",MASUK!$D:$D,"4")+SO!J14 -> 0 | K14: =-SUMIFS(KELUAR!$E:$E,KELUAR!$B:$B,"GOTIK",KELUAR!$C:$C,"emerald blue",KELUAR!$D:$D,"6")+SUMIFS(MASUK!$E:$E,MASUK!$B:$B,"GOTIK",MASUK!$C:$C,"emerald blue",MASUK!$D:$D,"6")+SO!K14 -> 0 | L14: =-SUMIFS(KELUAR!$E:$E,KELUAR!$B:$B,"GOTIK",KELUAR!$C:$C,"emerald blue",KELUAR!$D:$D,"8")+SUMIFS(MASUK!$E:$E,MASUK!$B:$B,"GOTIK",MASUK!$C:$C,"emerald blue",MASUK!$D:$D,"8")+SO!L14 -> 0 | M14: =-SUMIFS(KELUAR!$E:$E,KELUAR!$B:$B,"GOTIK",KELUAR!$C:$C,"emerald blue",KELUAR!$D:$D,"10")+SUMIFS(MASUK!$E:$E,MASUK!$B:$B,"GOTIK",MASUK!$C:$C,"emerald blue",MASUK!$D:$D,"10")+SO!M14 -> 0 | N14: =-SUMIFS(KELUAR!$E:$E,KELUAR!$B:$B,"GOTIK",KELUAR!$C:$C,"emerald blue",KELUAR!$D:$D,"12")+SUMIFS(MASUK!$E:$E,MASUK!$B:$B,"GOTIK",MASUK!$C:$C,"emerald blue",MASUK!$D:$D,"12")+SO!N14 -> 0 | O14: =-SUMIFS(KELUAR!$E:$E,KELUAR!$B:$B,"GOTIK",KELUAR!$C:$C,"emerald blue",KELUAR!$D:$D,"14")+SUMIFS(MASUK!$E:$E,MASUK!$B:$B,"GOTIK",MASUK!$C:$C,"emerald blue",MASUK!$D:$D,"14")+SO!O14 -> 0 | P14: =SUM(J14:O14) -> 0
A15: FUCIA | B15: =-SUMIFS(KELUAR!$E:$E,KELUAR!$B:$B,"KUTUBARU",KELUAR!$C:$C,"FUCIA",KELUAR!$D:$D,"S")+SUMIFS(MASUK!$E:$E,MASUK!$B:$B,"KUTUBARU",MASUK!$C:$C,"FUCIA",MASUK!$D:$D,"S")++SO!B15 -> 0 | C15: =-SUMIFS(KELUAR!$E:$E,KELUAR!$B:$B,"KUTUBARU",KELUAR!$C:$C,"FUCIA",KELUAR!$D:$D,"M")+SUMIFS(MASUK!$E:$E,MASUK!$B:$B,"KUTUBARU",MASUK!$C:$C,"FUCIA",MASUK!$D:$D,"M")+SO!C15 -> 0 | D15: =-SUMIFS(KELUAR!$E:$E,KELUAR!$B:$B,"KUTUBARU",KELUAR!$C:$C,"FUCIA",KELUAR!$D:$D,"L")+SUMIFS(MASUK!$E:$E,MASUK!$B:$B,"KUTUBARU",MASUK!$C:$C,"FUCIA",MASUK!$D:$D,"L")+SO!D15 -> 0 | E15: =-SUMIFS(KELUAR!$E:$E,KELUAR!$B:$B,"KUTUBARU",KELUAR!$C:$C,"FUCIA",KELUAR!$D:$D,"XL")+SUMIFS(MASUK!$E:$E,MASUK!$B:$B,"KUTUBARU",MASUK!$C:$C,"FUCIA",MASUK!$D:$D,"XL")+SO!E15 -> 0 | F15: =SUM(B15:E15) -> 0 | I15: SILVER | J15: =-SUMIFS(KELUAR!$E:$E,KELUAR!$B:$B,"GOTIK",KELUAR!$C:$C,"silver",KELUAR!$D:$D,"4")+SUMIFS(MASUK!$E:$E,MASUK!$B:$B,"GOTIK",MASUK!$C:$C,"silver",MASUK!$D:$D,"4")+SO!J15 -> 0 | K15: =-SUMIFS(KELUAR!$E:$E,KELUAR!$B:$B,"GOTIK",KELUAR!$C:$C,"silver",KELUAR!$D:$D,"6")+SUMIFS(MASUK!$E:$E,MASUK!$B:$B,"GOTIK",MASUK!$C:$C,"silver",MASUK!$D:$D,"6")+SO!K15 -> 0 | L15: =-SUMIFS(KELUAR!$E:$E,KELUAR!$B:$B,"GOTIK",KELUAR!$C:$C,"silver",KELUAR!$D:$D,"8")+SUMIFS(MASUK!$E:$E,MASUK!$B:$B,"GOTIK",MASUK!$C:$C,"silver",MASUK!$D:$D,"8")+SO!L15 -> 0 | M15: =-SUMIFS(KELUAR!$E:$E,KELUAR!$B:$B,"GOTIK",KELUAR!$C:$C,"silver",KELUAR!$D:$D,"10")+SUMIFS(MASUK!$E:$E,MASUK!$B:$B,"GOTIK",MASUK!$C:$C,"silver",MASUK!$D:$D,"10")+SO!M15 -> 0 | N15: =-SUMIFS(KELUAR!$E:$E,KELUAR!$B:$B,"GOTIK",KELUAR!$C:$C,"silver",KELUAR!$D:$D,"12")+SUMIFS(MASUK!$E:$E,MASUK!$B:$B,"GOTIK",MASUK!$C:$C,"silver",MASUK!$D:$D,"12")+SO!N15 -> 0 | O15: =-SUMIFS(KELUAR!$E:$E,KELUAR!$B:$B,"GOTIK",KELUAR!$C:$C,"silver",KELUAR!$D:$D,"14")+SUMIFS(MASUK!$E:$E,MASUK!$B:$B,"GOTIK",MASUK!$C:$C,"silver",MASUK!$D:$D,"14")+SO!O15 -> 0 | P15: =SUM(J15:O15) -> 0
A16: SILVER | B16: =-SUMIFS(KELUAR!$E:$E,KELUAR!$B:$B,"KUTUBARU",KELUAR!$C:$C,"silver",KELUAR!$D:$D,"S")+SUMIFS(MASUK!$E:$E,MASUK!$B:$B,"KUTUBARU",MASUK!$C:$C,"silver",MASUK!$D:$D,"S")++SO!B16 -> 0 | C16: =-SUMIFS(KELUAR!$E:$E,KELUAR!$B:$B,"KUTUBARU",KELUAR!$C:$C,"silver",KELUAR!$D:$D,"M")+SUMIFS(MASUK!$E:$E,MASUK!$B:$B,"KUTUBARU",MASUK!$C:$C,"silver",MASUK!$D:$D,"M")+SO!C16 -> 0 | D16: =-SUMIFS(KELUAR!$E:$E,KELUAR!$B:$B,"KUTUBARU",KELUAR!$C:$C,"silver",KELUAR!$D:$D,"L")+SUMIFS(MASUK!$E:$E,MASUK!$B:$B,"KUTUBARU",MASUK!$C:$C,"silver",MASUK!$D:$D,"L")+SO!D16 -> 0 | E16: =-SUMIFS(KELUAR!$E:$E,KELUAR!$B:$B,"KUTUBARU",KELUAR!$C:$C,"silver",KELUAR!$D:$D,"XL")+SUMIFS(MASUK!$E:$E,MASUK!$B:$B,"KUTUBARU",MASUK!$C:$C,"silver",MASUK!$D:$D,"XL")+SO!E16 -> 0 | F16: =SUM(B16:E16) -> 0 | I16: BUTTER YELLOW | J16: =-SUMIFS(KELUAR!$E:$E,KELUAR!$B:$B,"GOTIK",KELUAR!$C:$C,"butter yellow",KELUAR!$D:$D,"4")+SUMIFS(MASUK!$E:$E,MASUK!$B:$B,"GOTIK",MASUK!$C:$C,"butter yellow",MASUK!$D:$D,"4")+SO!J16 -> 0 | K16: =-SUMIFS(KELUAR!$E:$E,KELUAR!$B:$B,"GOTIK",KELUAR!$C:$C,"butter yellow",KELUAR!$D:$D,"6")+SUMIFS(MASUK!$E:$E,MASUK!$B:$B,"GOTIK",MASUK!$C:$C,"butter yellow",MASUK!$D:$D,"6")+SO!K16 -> 0 | L16: =-SUMIFS(KELUAR!$E:$E,KELUAR!$B:$B,"GOTIK",KELUAR!$C:$C,"butter yellow",KELUAR!$D:$D,"8")+SUMIFS(MASUK!$E:$E,MASUK!$B:$B,"GOTIK",MASUK!$C:$C,"butter yellow",MASUK!$D:$D,"8")+SO!L16 -> 0 | M16: =-SUMIFS(KELUAR!$E:$E,KELUAR!$B:$B,"GOTIK",KELUAR!$C:$C,"butter yellow",KELUAR!$D:$D,"10")+SUMIFS(MASUK!$E:$E,MASUK!$B:$B,"GOTIK",MASUK!$C:$C,"butter yellow",MASUK!$D:$D,"10")+SO!M16 -> 0 | N16: =-SUMIFS(KELUAR!$E:$E,KELUAR!$B:$B,"GOTIK",KELUAR!$C:$C,"butter yellow",KELUAR!$D:$D,"12")+SUMIFS(MASUK!$E:$E,MASUK!$B:$B,"GOTIK",MASUK!$C:$C,"butter yellow",MASUK!$D:$D,"12")+SO!N16 -> 0 | O16: =-SUMIFS(KELUAR!$E:$E,KELUAR!$B:$B,"GOTIK",KELUAR!$C:$C,"butter yellow",KELUAR!$D:$D,"14")+SUMIFS(MASUK!$E:$E,MASUK!$B:$B,"GOTIK",MASUK!$C:$C,"butter yellow",MASUK!$D:$D,"14")+SO!O16 -> 0 | P16: =SUM(J16:O16) -> 0
A17: BUTTER YELLOW | B17: =-SUMIFS(KELUAR!$E:$E,KELUAR!$B:$B,"KUTUBARU",KELUAR!$C:$C,"Butter Yellow",KELUAR!$D:$D,"S")+SUMIFS(MASUK!$E:$E,MASUK!$B:$B,"KUTUBARU",MASUK!$C:$C,"Butter Yellow",MASUK!$D:$D,"S")++SO!B17 -> 0 | C17: =-SUMIFS(KELUAR!$E:$E,KELUAR!$B:$B,"KUTUBARU",KELUAR!$C:$C,"Butter Yellow",KELUAR!$D:$D,"M")+SUMIFS(MASUK!$E:$E,MASUK!$B:$B,"KUTUBARU",MASUK!$C:$C,"Butter Yellow",MASUK!$D:$D,"M")+SO!C17 -> 0 | D17: =-SUMIFS(KELUAR!$E:$E,KELUAR!$B:$B,"KUTUBARU",KELUAR!$C:$C,"Butter Yellow",KELUAR!$D:$D,"L")+SUMIFS(MASUK!$E:$E,MASUK!$B:$B,"KUTUBARU",MASUK!$C:$C,"Butter Yellow",MASUK!$D:$D,"L")+SO!D17 -> 0 | E17: =-SUMIFS(KELUAR!$E:$E,KELUAR!$B:$B,"KUTUBARU",KELUAR!$C:$C,"Butter Yellow",KELUAR!$D:$D,"XL")+SUMIFS(MASUK!$E:$E,MASUK!$B:$B,"KUTUBARU",MASUK!$C:$C,"Butter Yellow",MASUK!$D:$D,"XL")+SO!E17 -> 0 | F17: =SUM(B17:E17) -> 0 | J17: =-SUMIFS(KELUAR!$E:$E,KELUAR!$B:$B,"GOTIK",KELUAR!$C:$C,"GOLD",KELUAR!$D:$D,"4")+SUMIFS(MASUK!$E:$E,MASUK!$B:$B,"GOTIK",MASUK!$C:$C,"GOLD",MASUK!$D:$D,"4")+SO!J17 -> 0 | K17: =-SUMIFS(KELUAR!$E:$E,KELUAR!$B:$B,"GOTIK",KELUAR!$C:$C,"GOLD",KELUAR!$D:$D,"6")+SUMIFS(MASUK!$E:$E,MASUK!$B:$B,"GOTIK",MASUK!$C:$C,"GOLD",MASUK!$D:$D,"6")+SO!K17 -> 0 | L17: =-SUMIFS(KELUAR!$E:$E,KELUAR!$B:$B,"GOTIK",KELUAR!$C:$C,"GOLD",KELUAR!$D:$D,"8")+SUMIFS(MASUK!$E:$E,MASUK!$B:$B,"GOTIK",MASUK!$C:$C,"GOLD",MASUK!$D:$D,"8")+SO!L17 -> 0 | M17: =-SUMIFS(KELUAR!$E:$E,KELUAR!$B:$B,"GOTIK",KELUAR!$C:$C,"GOLD",KELUAR!$D:$D,"10")+SUMIFS(MASUK!$E:$E,MASUK!$B:$B,"GOTIK",MASUK!$C:$C,"GOLD",MASUK!$D:$D,"10")+SO!M17 -> 0 | N17: =-SUMIFS(KELUAR!$E:$E,KELUAR!$B:$B,"GOTIK",KELUAR!$C:$C,"GOLD",KELUAR!$D:$D,"12")+SUMIFS(MASUK!$E:$E,MASUK!$B:$B,"GOTIK",MASUK!$C:$C,"GOLD",MASUK!$D:$D,"12")+SO!N17 -> 0 | O17: =-SUMIFS(KELUAR!$E:$E,KELUAR!$B:$B,"GOTIK",KELUAR!$C:$C,"GOLD",KELUAR!$D:$D,"14")+SUMIFS(MASUK!$E:$E,MASUK!$B:$B,"GOTIK",MASUK!$C:$C,"GOLD",MASUK!$D:$D,"14")+SO!O17 -> 0 | P17: =SUM(J17:O17) -> 0
B18: =-SUMIFS(KELUAR!$E:$E,KELUAR!$B:$B,"KUTUBARU",KELUAR!$C:$C,"FUCIA",KELUAR!$D:$D,"S")+SUMIFS(MASUK!$E:$E,MASUK!$B:$B,"KUTUBARU",MASUK!$C:$C,"FUCIA",MASUK!$D:$D,"S")++SO!B18 -> 0 | C18: =-SUMIFS(KELUAR!$E:$E,KELUAR!$B:$B,"KUTUBARU",KELUAR!$C:$C,"FUCIA",KELUAR!$D:$D,"M")+SUMIFS(MASUK!$E:$E,MASUK!$B:$B,"KUTUBARU",MASUK!$C:$C,"FUCIA",MASUK!$D:$D,"M")+SO!C18 -> 0 | D18: =-SUMIFS(KELUAR!$E:$E,KELUAR!$B:$B,"KUTUBARU",KELUAR!$C:$C,"FUCIA",KELUAR!$D:$D,"L")+SUMIFS(MASUK!$E:$E,MASUK!$B:$B,"KUTUBARU",MASUK!$C:$C,"FUCIA",MASUK!$D:$D,"L")+SO!D18 -> 0 | E18: =-SUMIFS(KELUAR!$E:$E,KELUAR!$B:$B,"KUTUBARU",KELUAR!$C:$C,"FUCIA",KELUAR!$D:$D,"XL")+SUMIFS(MASUK!$E:$E,MASUK!$B:$B,"KUTUBARU",MASUK!$C:$C,"FUCIA",MASUK!$D:$D,"XL")+SO!E18 -> 0 | F18: =SUM(B18:E18) -> 0 | J18: =-SUMIFS(KELUAR!$E:$E,KELUAR!$B:$B,"GOTIK",KELUAR!$C:$C,"GOLD",KELUAR!$D:$D,"4")+SUMIFS(MASUK!$E:$E,MASUK!$B:$B,"GOTIK",MASUK!$C:$C,"GOLD",MASUK!$D:$D,"4")+SO!J18 -> 0 | K18: =-SUMIFS(KELUAR!$E:$E,KELUAR!$B:$B,"GOTIK",KELUAR!$C:$C,"GOLD",KELUAR!$D:$D,"6")+SUMIFS(MASUK!$E:$E,MASUK!$B:$B,"GOTIK",MASUK!$C:$C,"GOLD",MASUK!$D:$D,"6")+SO!K18 -> 0 | L18: =-SUMIFS(KELUAR!$E:$E,KELUAR!$B:$B,"GOTIK",KELUAR!$C:$C,"GOLD",KELUAR!$D:$D,"8")+SUMIFS(MASUK!$E:$E,MASUK!$B:$B,"GOTIK",MASUK!$C:$C,"GOLD",MASUK!$D:$D,"8")+SO!L18 -> 0 | M18: =-SUMIFS(KELUAR!$E:$E,KELUAR!$B:$B,"GOTIK",KELUAR!$C:$C,"GOLD",KELUAR!$D:$D,"10")+SUMIFS(MASUK!$E:$E,MASUK!$B:$B,"GOTIK",MASUK!$C:$C,"GOLD",MASUK!$D:$D,"10")+SO!M18 -> 0 | N18: =-SUMIFS(KELUAR!$E:$E,KELUAR!$B:$B,"GOTIK",KELUAR!$C:$C,"GOLD",KELUAR!$D:$D,"12")+SUMIFS(MASUK!$E:$E,MASUK!$B:$B,"GOTIK",MASUK!$C:$C,"GOLD",MASUK!$D:$D,"12")+SO!N18 -> 0 | O18: =-SUMIFS(KELUAR!$E:$E,KELUAR!$B:$B,"GOTIK",KELUAR!$C:$C,"GOLD",KELUAR!$D:$D,"14")+SUMIFS(MASUK!$E:$E,MASUK!$B:$B,"GOTIK",MASUK!$C:$C,"GOLD",MASUK!$D:$D,"14")+SO!O18 -> 0 | P18: =SUM(J18:O18) -> 0
B19: =-SUMIFS(KELUAR!$E:$E,KELUAR!$B:$B,"KUTUBARU",KELUAR!$C:$C,"FUCIA",KELUAR!$D:$D,"S")+SUMIFS(MASUK!$E:$E,MASUK!$B:$B,"KUTUBARU",MASUK!$C:$C,"FUCIA",MASUK!$D:$D,"S")++SO!B19 -> 0 | C19: =-SUMIFS(KELUAR!$E:$E,KELUAR!$B:$B,"KUTUBARU",KELUAR!$C:$C,"FUCIA",KELUAR!$D:$D,"M")+SUMIFS(MASUK!$E:$E,MASUK!$B:$B,"KUTUBARU",MASUK!$C:$C,"FUCIA",MASUK!$D:$D,"M")+SO!C19 -> 0 | D19: =-SUMIFS(KELUAR!$E:$E,KELUAR!$B:$B,"KUTUBARU",KELUAR!$C:$C,"FUCIA",KELUAR!$D:$D,"L")+SUMIFS(MASUK!$E:$E,MASUK!$B:$B,"KUTUBARU",MASUK!$C:$C,"FUCIA",MASUK!$D:$D,"L")+SO!D19 -> 0 | E19: =-SUMIFS(KELUAR!$E:$E,KELUAR!$B:$B,"KUTUBARU",KELUAR!$C:$C,"FUCIA",KELUAR!$D:$D,"XL")+SUMIFS(MASUK!$E:$E,MASUK!$B:$B,"KUTUBARU",MASUK!$C:$C,"FUCIA",MASUK!$D:$D,"XL")+SO!E19 -> 0 | F19: =SUM(B19:E19) -> 0 | J19: =-SUMIFS(KELUAR!$E:$E,KELUAR!$B:$B,"GOTIK",KELUAR!$C:$C,"GOLD",KELUAR!$D:$D,"4")+SUMIFS(MASUK!$E:$E,MASUK!$B:$B,"GOTIK",MASUK!$C:$C,"GOLD",MASUK!$D:$D,"4")+SO!J19 -> 0 | K19: =-SUMIFS(KELUAR!$E:$E,KELUAR!$B:$B,"GOTIK",KELUAR!$C:$C,"GOLD",KELUAR!$D:$D,"6")+SUMIFS(MASUK!$E:$E,MASUK!$B:$B,"GOTIK",MASUK!$C:$C,"GOLD",MASUK!$D:$D,"6")+SO!K19 -> 0 | L19: =-SUMIFS(KELUAR!$E:$E,KELUAR!$B:$B,"GOTIK",KELUAR!$C:$C,"GOLD",KELUAR!$D:$D,"8")+SUMIFS(MASUK!$E:$E,MASUK!$B:$B,"GOTIK",MASUK!$C:$C,"GOLD",MASUK!$D:$D,"8")+SO!L19 -> 0 | M19: =-SUMIFS(KELUAR!$E:$E,KELUAR!$B:$B,"GOTIK",KELUAR!$C:$C,"GOLD",KELUAR!$D:$D,"10")+SUMIFS(MASUK!$E:$E,MASUK!$B:$B,"GOTIK",MASUK!$C:$C,"GOLD",MASUK!$D:$D,"10")+SO!M19 -> 0 | N19: =-SUMIFS(KELUAR!$E:$E,KELUAR!$B:$B,"GOTIK",KELUAR!$C:$C,"GOLD",KELUAR!$D:$D,"12")+SUMIFS(MASUK!$E:$E,MASUK!$B:$B,"GOTIK",MASUK!$C:$C,"GOLD",MASUK!$D:$D,"12")+SO!N19 -> 0 | O19: =-SUMIFS(KELUAR!$E:$E,KELUAR!$B:$B,"GOTIK",KELUAR!$C:$C,"GOLD",KELUAR!$D:$D,"14")+SUMIFS(MASUK!$E:$E,MASUK!$B:$B,"GOTIK",MASUK!$C:$C,"GOLD",MASUK!$D:$D,"14")+SO!O19 -> 0 | P19: =SUM(J19:O19) -> 0
E20: JUMLAH | F20: =SUBTOTAL(9,F3:F19) -> 0 | O20: JUMLAH | P20: =SUBTOTAL(9,P3:P19) -> 0
I23: SLAYER | P23: TOTAL
I24: WARNA | J24: 4 | K24: 6 | L24: 8 | M24: 10 | N24: 12 | O24: 14
A25: JANGGAN PENDEK | F25: TOTAL | I25: MAHOGANY | J25: =-SUMIFS(KELUAR!$E:$E,KELUAR!$B:$B,"SLAYER",KELUAR!$C:$C,"mahogany",KELUAR!$D:$D,"4")+SUMIFS(MASUK!$E:$E,MASUK!$B:$B,"SLAYER",MASUK!$C:$C,"mahogany",MASUK!$D:$D,"4")+SO!J25 -> 0 | K25: =-SUMIFS(KELUAR!$E:$E,KELUAR!$B:$B,"SLAYER",KELUAR!$C:$C,"mahogany",KELUAR!$D:$D,"6")+SUMIFS(MASUK!$E:$E,MASUK!$B:$B,"SLAYER",MASUK!$C:$C,"mahogany",MASUK!$D:$D,"6")+SO!K25 -> 0 | L25: =-SUMIFS(KELUAR!$E:$E,KELUAR!$B:$B,"SLAYER",KELUAR!$C:$C,"mahogany",KELUAR!$D:$D,"8")+SUMIFS(MASUK!$E:$E,MASUK!$B:$B,"SLAYER",MASUK!$C:$C,"mahogany",MASUK!$D:$D,"8")+SO!L25 -> 0 | M25: =-SUMIFS(KELUAR!$E:$E,KELUAR!$B:$B,"SLAYER",KELUAR!$C:$C,"mahogany",KELUAR!$D:$D,"10")+SUMIFS(MASUK!$E:$E,MASUK!$B:$B,"SLAYER",MASUK!$C:$C,"mahogany",MASUK!$D:$D,"10")+SO!M25 -> 0 | N25: =-SUMIFS(KELUAR!$E:$E,KELUAR!$B:$B,"SLAYER",KELUAR!$C:$C,"mahogany",KELUAR!$D:$D,"12")+SUMIFS(MASUK!$E:$E,MASUK!$B:$B,"SLAYER",MASUK!$C:$C,"mahogany",MASUK!$D:$D,"12")+SO!N25 -> 0 | O25: =-SUMIFS(KELUAR!$E:$E,KELUAR!$B:$B,"SLAYER",KELUAR!$C:$C,"mahogany",KELUAR!$D:$D,"14")+SUMIFS(MASUK!$E:$E,MASUK!$B:$B,"SLAYER",MASUK!$C:$C,"mahogany",MASUK!$D:$D,"14")+SO!O25 -> 0 | P25: =SUM(J25:O25) -> 0
A26: WARNA | B26: S | C26: M | D26: L | I26: BURGUNDY | J26: =-SUMIFS(KELUAR!$E:$E,KELUAR!$B:$B,"SLAYER",KELUAR!$C:$C,"burgundy",KELUAR!$D:$D,"4")+SUMIFS(MASUK!$E:$E,MASUK!$B:$B,"SLAYER",MASUK!$C:$C,"burgundy",MASUK!$D:$D,"4")+SO!J26 -> 0 | K26: =-SUMIFS(KELUAR!$E:$E,KELUAR!$B:$B,"SLAYER",KELUAR!$C:$C,"burgundy",KELUAR!$D:$D,"6")+SUMIFS(MASUK!$E:$E,MASUK!$B:$B,"SLAYER",MASUK!$C:$C,"burgundy",MASUK!$D:$D,"6")+SO!K26 -> 0 | L26: =-SUMIFS(KELUAR!$E:$E,KELUAR!$B:$B,"SLAYER",KELUAR!$C:$C,"burgundy",KELUAR!$D:$D,"8")+SUMIFS(MASUK!$E:$E,MASUK!$B:$B,"SLAYER",MASUK!$C:$C,"burgundy",MASUK!$D:$D,"8")+SO!L26 -> 0 | M26: =-SUMIFS(KELUAR!$E:$E,KELUAR!$B:$B,"SLAYER",KELUAR!$C:$C,"burgundy",KELUAR!$D:$D,"10")+SUMIFS(MASUK!$E:$E,MASUK!$B:$B,"SLAYER",MASUK!$C:$C,"burgundy",MASUK!$D:$D,"10")+SO!M26 -> 0 | N26: =-SUMIFS(KELUAR!$E:$E,KELUAR!$B:$B,"SLAYER",KELUAR!$C:$C,"burgundy",KELUAR!$D:$D,"12")+SUMIFS(MASUK!$E:$E,MASUK!$B:$B,"SLAYER",MASUK!$C:$C,"burgundy",MASUK!$D:$D,"12")+SO!N26 -> 0 | O26: =-SUMIFS(KELUAR!$E:$E,KELUAR!$B:$B,"SLAYER",KELUAR!$C:$C,"burgundy",KELUAR!$D:$D,"14")+SUMIFS(MASUK!$E:$E,MASUK!$B:$B,"SLAYER",MASUK!$C:$C,"burgundy",MASUK!$D:$D,"14")+SO!O26 -> 0 | P26: =SUM(J26:O26) -> 0
A27: MAHOGANY | B27: =-SUMIFS(KELUAR!$E:$E,KELUAR!$B:$B,"JANGGAN PENDEK",KELUAR!$C:$C,"MAHOGANY",KELUAR!$D:$D,"S")+SUMIFS(MASUK!$E:$E,MASUK!$B:$B,"JANGGAN PENDEK",MASUK!$C:$C,"MAHOGANY",MASUK!$D:$D,"S")+SO!B27 -> 0 | C27: =-SUMIFS(KELUAR!$E:$E,KELUAR!$B:$B,"JANGGAN PENDEK",KELUAR!$C:$C,"MAHOGANY",KELUAR!$D:$D,"M")+SUMIFS(MASUK!$E:$E,MASUK!$B:$B,"JANGGAN PENDEK",MASUK!$C:$C,"MAHOGANY",MASUK!$D:$D,"M")+SO!C27 -> 0 | D27: =-SUMIFS(KELUAR!$E:$E,KELUAR!$B:$B,"JANGGAN PENDEK",KELUAR!$C:$C,"MAHOGANY",KELUAR!$D:$D,"L")+SUMIFS(MASUK!$E:$E,MASUK!$B:$B,"JANGGAN PENDEK",MASUK!$C:$C,"MAHOGANY",MASUK!$D:$D,"L")+SO!D27 -> 0 | F27: =SUM(B27:E27) -> 0 | I27: DENIM | J27: =-SUMIFS(KELUAR!$E:$E,KELUAR!$B:$B,"SLAYER",KELUAR!$C:$C,"denim",KELUAR!$D:$D,"4")+SUMIFS(MASUK!$E:$E,MASUK!$B:$B,"SLAYER",MASUK!$C:$C,"denim",MASUK!$D:$D,"4")+SO!J27 -> 0 | K27: =-SUMIFS(KELUAR!$E:$E,KELUAR!$B:$B,"SLAYER",KELUAR!$C:$C,"denim",KELUAR!$D:$D,"6")+SUMIFS(MASUK!$E:$E,MASUK!$B:$B,"SLAYER",MASUK!$C:$C,"denim",MASUK!$D:$D,"6")+SO!K27 -> 0 | L27: =-SUMIFS(KELUAR!$E:$E,KELUAR!$B:$B,"SLAYER",KELUAR!$C:$C,"denim",KELUAR!$D:$D,"8")+SUMIFS(MASUK!$E:$E,MASUK!$B:$B,"SLAYER",MASUK!$C:$C,"denim",MASUK!$D:$D,"8")+SO!L27 -> 0 | M27: =-SUMIFS(KELUAR!$E:$E,KELUAR!$B:$B,"SLAYER",KELUAR!$C:$C,"denim",KELUAR!$D:$D,"10")+SUMIFS(MASUK!$E:$E,MASUK!$B:$B,"SLAYER",MASUK!$C:$C,"denim",MASUK!$D:$D,"10")+SO!M27 -> 0 | N27: =-SUMIFS(KELUAR!$E:$E,KELUAR!$B:$B,"SLAYER",KELUAR!$C:$C,"denim",KELUAR!$D:$D,"12")+SUMIFS(MASUK!$E:$E,MASUK!$B:$B,"SLAYER",MASUK!$C:$C,"denim",MASUK!$D:$D,"12")+SO!N27 -> 0 | O27: =-SUMIFS(KELUAR!$E:$E,KELUAR!$B:$B,"SLAYER",KELUAR!$C:$C,"denim",KELUAR!$D:$D,"14")+SUMIFS(MASUK!$E:$E,MASUK!$B:$B,"SLAYER",MASUK!$C:$C,"denim",MASUK!$D:$D,"14")+SO!O27 -> 0 | P27: =SUM(J27:O27) -> 0
A28: BURGUNDY | B28: =-SUMIFS(KELUAR!$E:$E,KELUAR!$B:$B,"JANGGAN PENDEK",KELUAR!$C:$C,"BURGUNDY",KELUAR!$D:$D,"S")+SUMIFS(MASUK!$E:$E,MASUK!$B:$B,"JANGGAN PENDEK",MASUK!$C:$C,"BURGUNDY",MASUK!$D:$D,"S")+SO!B28 -> 0 | C28: =-SUMIFS(KELUAR!$E:$E,KELUAR!$B:$B,"JANGGAN PENDEK",KELUAR!$C:$C,"BURGUNDY",KELUAR!$D:$D,"M")+SUMIFS(MASUK!$E:$E,MASUK!$B:$B,"JANGGAN PENDEK",MASUK!$C:$C,"BURGUNDY",MASUK!$D:$D,"M")+SO!C28 -> 0 | D28: =-SUMIFS(KELUAR!$E:$E,KELUAR!$B:$B,"JANGGAN PENDEK",KELUAR!$C:$C,"BURGUNDY",KELUAR!$D:$D,"L")+SUMIFS(MASUK!$E:$E,MASUK!$B:$B,"JANGGAN PENDEK",MASUK!$C:$C,"BURGUNDY",MASUK!$D:$D,"L")+SO!D28 -> 0 | F28: =SUM(B28:E28) -> 0 | I28: NAVY | J28: =-SUMIFS(KELUAR!$E:$E,KELUAR!$B:$B,"SLAYER",KELUAR!$C:$C,"navy",KELUAR!$D:$D,"4")+SUMIFS(MASUK!$E:$E,MASUK!$B:$B,"SLAYER",MASUK!$C:$C,"navy",MASUK!$D:$D,"4")+SO!J28 -> 0 | K28: =-SUMIFS(KELUAR!$E:$E,KELUAR!$B:$B,"SLAYER",KELUAR!$C:$C,"navy",KELUAR!$D:$D,"6")+SUMIFS(MASUK!$E:$E,MASUK!$B:$B,"SLAYER",MASUK!$C:$C,"navy",MASUK!$D:$D,"6")+SO!K28 -> 0 | L28: =-SUMIFS(KELUAR!$E:$E,KELUAR!$B:$B,"SLAYER",KELUAR!$C:$C,"navy",KELUAR!$D:$D,"8")+SUMIFS(MASUK!$E:$E,MASUK!$B:$B,"SLAYER",MASUK!$C:$C,"navy",MASUK!$D:$D,"8")+SO!L28 -> 0 | M28: =-SUMIFS(KELUAR!$E:$E,KELUAR!$B:$B,"SLAYER",KELUAR!$C:$C,"navy",KELUAR!$D:$D,"10")+SUMIFS(MASUK!$E:$E,MASUK!$B:$B,"SLAYER",MASUK!$C:$C,"navy",MASUK!$D:$D,"10")+SO!M28 -> 0 | N28: =-SUMIFS(KELUAR!$E:$E,KELUAR!$B:$B,"SLAYER",KELUAR!$C:$C,"navy",KELUAR!$D:$D,"12")+SUMIFS(MASUK!$E:$E,MASUK!$B:$B,"SLAYER",MASUK!$C:$C,"navy",MASUK!$D:$D,"12")+SO!N28 -> 0 | O28: =-SUMIFS(KELUAR!$E:$E,KELUAR!$B:$B,"SLAYER",KELUAR!$C:$C,"navy",KELUAR!$D:$D,"14")+SUMIFS(MASUK!$E:$E,MASUK!$B:$B,"SLAYER",MASUK!$C:$C,"navy",MASUK!$D:$D,"14")+SO!O28 -> 0 | P28: =SUM(J28:O28) -> 0
A29: BABYBLUE | B29: =-SUMIFS(KELUAR!$E:$E,KELUAR!$B:$B,"JANGGAN PENDEK",KELUAR!$C:$C,"babyblue",KELUAR!$D:$D,"S")+SUMIFS(MASUK!$E:$E,MASUK!$B:$B,"JANGGAN PENDEK",MASUK!$C:$C,"babyblue",MASUK!$D:$D,"S")+SO!B29 -> 0 | C29: =-SUMIFS(KELUAR!$E:$E,KELUAR!$B:$B,"JANGGAN PENDEK",KELUAR!$C:$C,"babyblue",KELUAR!$D:$D,"M")+SUMIFS(MASUK!$E:$E,MASUK!$B:$B,"JANGGAN PENDEK",MASUK!$C:$C,"babyblue",MASUK!$D:$D,"M")+SO!C29 -> 0 | D29: =-SUMIFS(KELUAR!$E:$E,KELUAR!$B:$B,"JANGGAN PENDEK",KELUAR!$C:$C,"babyblue",KELUAR!$D:$D,"L")+SUMIFS(MASUK!$E:$E,MASUK!$B:$B,"JANGGAN PENDEK",MASUK!$C:$C,"babyblue",MASUK!$D:$D,"L")+SO!D29 -> 0 | F29: =SUM(B29:E29) -> 0 | I29: HITAM | J29: =-SUMIFS(KELUAR!$E:$E,KELUAR!$B:$B,"SLAYER",KELUAR!$C:$C,"hitam",KELUAR!$D:$D,"4")+SUMIFS(MASUK!$E:$E,MASUK!$B:$B,"SLAYER",MASUK!$C:$C,"hitam",MASUK!$D:$D,"4")+SO!J29 -> 0 | K29: =-SUMIFS(KELUAR!$E:$E,KELUAR!$B:$B,"SLAYER",KELUAR!$C:$C,"hitam",KELUAR!$D:$D,"6")+SUMIFS(MASUK!$E:$E,MASUK!$B:$B,"SLAYER",MASUK!$C:$C,"hitam",MASUK!$D:$D,"6")+SO!K29 -> 0 | L29: =-SUMIFS(KELUAR!$E:$E,KELUAR!$B:$B,"SLAYER",KELUAR!$C:$C,"hitam",KELUAR!$D:$D,"8")+SUMIFS(MASUK!$E:$E,MASUK!$B:$B,"SLAYER",MASUK!$C:$C,"hitam",MASUK!$D:$D,"8")+SO!L29 -> 0 | M29: =-SUMIFS(KELUAR!$E:$E,KELUAR!$B:$B,"SLAYER",KELUAR!$C:$C,"hitam",KELUAR!$D:$D,"10")+SUMIFS(MASUK!$E:$E,MASUK!$B:$B,"SLAYER",MASUK!$C:$C,"hitam",MASUK!$D:$D,"10")+SO!M29 -> 0 | N29: =-SUMIFS(KELUAR!$E:$E,KELUAR!$B:$B,"SLAYER",KELUAR!$C:$C,"hitam",KELUAR!$D:$D,"12")+SUMIFS(MASUK!$E:$E,MASUK!$B:$B,"SLAYER",MASUK!$C:$C,"hitam",MASUK!$D:$D,"12")+SO!N29 -> 0 | O29: =-SUMIFS(KELUAR!$E:$E,KELUAR!$B:$B,"SLAYER",KELUAR!$C:$C,"hitam",KELUAR!$D:$D,"14")+SUMIFS(MASUK!$E:$E,MASUK!$B:$B,"SLAYER",MASUK!$C:$C,"hitam",MASUK!$D:$D,"14")+SO!O29 -> 0 | P29: =SUM(J29:O29) -> 0
A30: COKSU | B30: =-SUMIFS(KELUAR!$E:$E,KELUAR!$B:$B,"JANGGAN PENDEK",KELUAR!$C:$C,"COKSU",KELUAR!$D:$D,"S")+SUMIFS(MASUK!$E:$E,MASUK!$B:$B,"JANGGAN PENDEK",MASUK!$C:$C,"COKSU",MASUK!$D:$D,"S")+SO!B30 -> 0 | C30: =-SUMIFS(KELUAR!$E:$E,KELUAR!$B:$B,"JANGGAN PENDEK",KELUAR!$C:$C,"COKSU",KELUAR!$D:$D,"M")+SUMIFS(MASUK!$E:$E,MASUK!$B:$B,"JANGGAN PENDEK",MASUK!$C:$C,"COKSU",MASUK!$D:$D,"M")+SO!C30 -> 0 | D30: =-SUMIFS(KELUAR!$E:$E,KELUAR!$B:$B,"JANGGAN PENDEK",KELUAR!$C:$C,"COKSU",KELUAR!$D:$D,"L")+SUMIFS(MASUK!$E:$E,MASUK!$B:$B,"JANGGAN PENDEK",MASUK!$C:$C,"COKSU",MASUK!$D:$D,"L")+SO!D30 -> 0 | F30: =SUM(B30:E30) -> 0 | I30: DUSTY | J30: =-SUMIFS(KELUAR!$E:$E,KELUAR!$B:$B,"SLAYER",KELUAR!$C:$C,"dusty",KELUAR!$D:$D,"4")+SUMIFS(MASUK!$E:$E,MASUK!$B:$B,"SLAYER",MASUK!$C:$C,"dusty",MASUK!$D:$D,"4")+SO!J30 -> 0 | K30: =-SUMIFS(KELUAR!$E:$E,KELUAR!$B:$B,"SLAYER",KELUAR!$C:$C,"dusty",KELUAR!$D:$D,"6")+SUMIFS(MASUK!$E:$E,MASUK!$B:$B,"SLAYER",MASUK!$C:$C,"dusty",MASUK!$D:$D,"6")+SO!K30 -> 0 | L30: =-SUMIFS(KELUAR!$E:$E,KELUAR!$B:$B,"SLAYER",KELUAR!$C:$C,"dusty",KELUAR!$D:$D,"8")+SUMIFS(MASUK!$E:$E,MASUK!$B:$B,"SLAYER",MASUK!$C:$C,"dusty",MASUK!$D:$D,"8")+SO!L30 -> 0 | M30: =-SUMIFS(KELUAR!$E:$E,KELUAR!$B:$B,"SLAYER",KELUAR!$C:$C,"dusty",KELUAR!$D:$D,"10")+SUMIFS(MASUK!$E:$E,MASUK!$B:$B,"SLAYER",MASUK!$C:$C,"dusty",MASUK!$D:$D,"10")+SO!M30 -> 0 | N30: =-SUMIFS(KELUAR!$E:$E,KELUAR!$B:$B,"SLAYER",KELUAR!$C:$C,"dusty",KELUAR!$D:$D,"12")+SUMIFS(MASUK!$E:$E,MASUK!$B:$B,"SLAYER",MASUK!$C:$C,"dusty",MASUK!$D:$D,"12")+SO!N30 -> 0 | O30: =-SUMIFS(KELUAR!$E:$E,KELUAR!$B:$B,"SLAYER",KELUAR!$C:$C,"dusty",KELUAR!$D:$D,"14")+SUMIFS(MASUK!$E:$E,MASUK!$B:$B,"SLAYER",MASUK!$C:$C,"dusty",MASUK!$D:$D,"14")+SO!O30 -> 0 | P30: =SUM(J30:O30) -> 0
A31: NAVY | B31: =-SUMIFS(KELUAR!$E:$E,KELUAR!$B:$B,"JANGGAN PENDEK",KELUAR!$C:$C,"NAVY",KELUAR!$D:$D,"S")+SUMIFS(MASUK!$E:$E,MASUK!$B:$B,"JANGGAN PENDEK",MASUK!$C:$C,"NAVY",MASUK!$D:$D,"S")+SO!B31 -> 0 | C31: =-SUMIFS(KELUAR!$E:$E,KELUAR!$B:$B,"JANGGAN PENDEK",KELUAR!$C:$C,"NAVY",KELUAR!$D:$D,"M")+SUMIFS(MASUK!$E:$E,MASUK!$B:$B,"JANGGAN PENDEK",MASUK!$C:$C,"NAVY",MASUK!$D:$D,"M")+SO!C31 -> 0 | D31: =-SUMIFS(KELUAR!$E:$E,KELUAR!$B:$B,"JANGGAN PENDEK",KELUAR!$C:$C,"NAVY",KELUAR!$D:$D,"L")+SUMIFS(MASUK!$E:$E,MASUK!$B:$B,"JANGGAN PENDEK",MASUK!$C:$C,"NAVY",MASUK!$D:$D,"L")+SO!D31 -> 0 | F31: =SUM(B31:E31) -> 0 | I31: BABYBLUE | J31: =-SUMIFS(KELUAR!$E:$E,KELUAR!$B:$B,"SLAYER",KELUAR!$C:$C,"babyblue",KELUAR!$D:$D,"4")+SUMIFS(MASUK!$E:$E,MASUK!$B:$B,"SLAYER",MASUK!$C:$C,"babyblue",MASUK!$D:$D,"4")+SO!J31 -> 0 | K31: =-SUMIFS(KELUAR!$E:$E,KELUAR!$B:$B,"SLAYER",KELUAR!$C:$C,"babyblue",KELUAR!$D:$D,"6")+SUMIFS(MASUK!$E:$E,MASUK!$B:$B,"SLAYER",MASUK!$C:$C,"babyblue",MASUK!$D:$D,"6")+SO!K31 -> 0 | L31: =-SUMIFS(KELUAR!$E:$E,KELUAR!$B:$B,"SLAYER",KELUAR!$C:$C,"babyblue",KELUAR!$D:$D,"8")+SUMIFS(MASUK!$E:$E,MASUK!$B:$B,"SLAYER",MASUK!$C:$C,"babyblue",MASUK!$D:$D,"8")+SO!L31 -> 0 | M31: =-SUMIFS(KELUAR!$E:$E,KELUAR!$B:$B,"SLAYER",KELUAR!$C:$C,"babyblue",KELUAR!$D:$D,"10")+SUMIFS(MASUK!$E:$E,MASUK!$B:$B,"SLAYER",MASUK!$C:$C,"babyblue",MASUK!$D:$D,"10")+SO!M31 -> 0 | N31: =-SUMIFS(KELUAR!$E:$E,KELUAR!$B:$B,"SLAYER",KELUAR!$C:$C,"babyblue",KELUAR!$D:$D,"12")+SUMIFS(MASUK!$E:$E,MASUK!$B:$B,"SLAYER",MASUK!$C:$C,"babyblue",MASUK!$D:$D,"12")+SO!N31 -> 0 | O31: =-SUMIFS(KELUAR!$E:$E,KELUAR!$B:$B,"SLAYER",KELUAR!$C:$C,"babyblue",KELUAR!$D:$D,"14")+SUMIFS(MASUK!$E:$E,MASUK!$B:$B,"SLAYER",MASUK!$C:$C,"babyblue",MASUK!$D:$D,"14")+SO!O31 -> 0 | P31: =SUM(J31:O31) -> 0
A32: HITAM | B32: =-SUMIFS(KELUAR!$E:$E,KELUAR!$B:$B,"JANGGAN PENDEK",KELUAR!$C:$C,"HITAM",KELUAR!$D:$D,"S")+SUMIFS(MASUK!$E:$E,MASUK!$B:$B,"JANGGAN PENDEK",MASUK!$C:$C,"HITAM",MASUK!$D:$D,"S")+SO!B32 -> 0 | C32: =-SUMIFS(KELUAR!$E:$E,KELUAR!$B:$B,"JANGGAN PENDEK",KELUAR!$C:$C,"HITAM",KELUAR!$D:$D,"M")+SUMIFS(MASUK!$E:$E,MASUK!$B:$B,"JANGGAN PENDEK",MASUK!$C:$C,"HITAM",MASUK!$D:$D,"M")+SO!C32 -> 0 | D32: =-SUMIFS(KELUAR!$E:$E,KELUAR!$B:$B,"JANGGAN PENDEK",KELUAR!$C:$C,"HITAM",KELUAR!$D:$D,"L")+SUMIFS(MASUK!$E:$E,MASUK!$B:$B,"JANGGAN PENDEK",MASUK!$C:$C,"HITAM",MASUK!$D:$D,"L")+SO!D32 -> 0 | F32: =SUM(B32:E32) -> 0 | I32: MARON | J32: =-SUMIFS(KELUAR!$E:$E,KELUAR!$B:$B,"SLAYER",KELUAR!$C:$C,"maroon",KELUAR!$D:$D,"4")+SUMIFS(MASUK!$E:$E,MASUK!$B:$B,"SLAYER",MASUK!$C:$C,"maroon",MASUK!$D:$D,"4")+SO!J32 -> 0 | K32: =-SUMIFS(KELUAR!$E:$E,KELUAR!$B:$B,"SLAYER",KELUAR!$C:$C,"maroon",KELUAR!$D:$D,"6")+SUMIFS(MASUK!$E:$E,MASUK!$B:$B,"SLAYER",MASUK!$C:$C,"maroon",MASUK!$D:$D,"6")+SO!K32 -> 0 | L32: =-SUMIFS(KELUAR!$E:$E,KELUAR!$B:$B,"SLAYER",KELUAR!$C:$C,"maroon",KELUAR!$D:$D,"8")+SUMIFS(MASUK!$E:$E,MASUK!$B:$B,"SLAYER",MASUK!$C:$C,"maroon",MASUK!$D:$D,"8")+SO!L32 -> 0 | M32: =-SUMIFS(KELUAR!$E:$E,KELUAR!$B:$B,"SLAYER",KELUAR!$C:$C,"maroon",KELUAR!$D:$D,"10")+SUMIFS(MASUK!$E:$E,MASUK!$B:$B,"SLAYER",MASUK!$C:$C,"maroon",MASUK!$D:$D,"10")+SO!M32 -> 0 | N32: =-SUMIFS(KELUAR!$E:$E,KELUAR!$B:$B,"SLAYER",KELUAR!$C:$C,"maroon",KELUAR!$D:$D,"12")+SUMIFS(MASUK!$E:$E,MASUK!$B:$B,"SLAYER",MASUK!$C:$C,"maroon",MASUK!$D:$D,"12")+SO!N32 -> 0 | O32: =-SUMIFS(KELUAR!$E:$E,KELUAR!$B:$B,"SLAYER",KELUAR!$C:$C,"maroon",KELUAR!$D:$D,"14")+SUMIFS(MASUK!$E:$E,MASUK!$B:$B,"SLAYER",MASUK!$C:$C,"maroon",MASUK!$D:$D,"14")+SO!O32 -> 0 | P32: =SUM(J32:O32) -> 0
A33: DUSTY | B33: =-SUMIFS(KELUAR!$E:$E,KELUAR!$B:$B,"JANGGAN PENDEK",KELUAR!$C:$C,"DUSTY",KELUAR!$D:$D,"S")+SUMIFS(MASUK!$E:$E,MASUK!$B:$B,"JANGGAN PENDEK",MASUK!$C:$C,"DUSTY",MASUK!$D:$D,"S")+SO!B33 -> 0 | C33: =-SUMIFS(KELUAR!$E:$E,KELUAR!$B:$B,"JANGGAN PENDEK",KELUAR!$C:$C,"DUSTY",KELUAR!$D:$D,"M")+SUMIFS(MASUK!$E:$E,MASUK!$B:$B,"JANGGAN PENDEK",MASUK!$C:$C,"DUSTY",MASUK!$D:$D,"M")+SO!C33 -> 0 | D33: =-SUMIFS(KELUAR!$E:$E,KELUAR!$B:$B,"JANGGAN PENDEK",KELUAR!$C:$C,"DUSTY",KELUAR!$D:$D,"L")+SUMIFS(MASUK!$E:$E,MASUK!$B:$B,"JANGGAN PENDEK",MASUK!$C:$C,"DUSTY",MASUK!$D:$D,"L")+SO!D33 -> 0 | F33: =SUM(B33:E33) -> 0 | I33: ROSEGOLD | J33: =-SUMIFS(KELUAR!$E:$E,KELUAR!$B:$B,"SLAYER",KELUAR!$C:$C,"rosegold",KELUAR!$D:$D,"4")+SUMIFS(MASUK!$E:$E,MASUK!$B:$B,"SLAYER",MASUK!$C:$C,"rosegold",MASUK!$D:$D,"4")+SO!J33 -> 0 | K33: =-SUMIFS(KELUAR!$E:$E,KELUAR!$B:$B,"SLAYER",KELUAR!$C:$C,"rosegold",KELUAR!$D:$D,"6")+SUMIFS(MASUK!$E:$E,MASUK!$B:$B,"SLAYER",MASUK!$C:$C,"rosegold",MASUK!$D:$D,"6")+SO!K33 -> 0 | L33: =-SUMIFS(KELUAR!$E:$E,KELUAR!$B:$B,"SLAYER",KELUAR!$C:$C,"rosegold",KELUAR!$D:$D,"8")+SUMIFS(MASUK!$E:$E,MASUK!$B:$B,"SLAYER",MASUK!$C:$C,"rosegold",MASUK!$D:$D,"8")+SO!L33 -> 0 | M33: =-SUMIFS(KELUAR!$E:$E,KELUAR!$B:$B,"SLAYER",KELUAR!$C:$C,"rosegold",KELUAR!$D:$D,"10")+SUMIFS(MASUK!$E:$E,MASUK!$B:$B,"SLAYER",MASUK!$C:$C,"rosegold",MASUK!$D:$D,"10")+SO!M33 -> 0 | N33: =-SUMIFS(KELUAR!$E:$E,KELUAR!$B:$B,"SLAYER",KELUAR!$C:$C,"rosegold",KELUAR!$D:$D,"12")+SUMIFS(MASUK!$E:$E,MASUK!$B:$B,"SLAYER",MASUK!$C:$C,"rosegold",MASUK!$D:$D,"12")+SO!N33 -> 0 | O33: =-SUMIFS(KELUAR!$E:$E,KELUAR!$B:$B,"SLAYER",KELUAR!$C:$C,"rosegold",KELUAR!$D:$D,"14")+SUMIFS(MASUK!$E:$E,MASUK!$B:$B,"SLAYER",MASUK!$C:$C,"rosegold",MASUK!$D:$D,"14")+SO!O33 -> 0 | P33: =SUM(J33:O33) -> 0
A34: ROSEGOLD | B34: =-SUMIFS(KELUAR!$E:$E,KELUAR!$B:$B,"JANGGAN PENDEK",KELUAR!$C:$C,"Rosegold",KELUAR!$D:$D,"S")+SUMIFS(MASUK!$E:$E,MASUK!$B:$B,"JANGGAN PENDEK",MASUK!$C:$C,"Rosegold",MASUK!$D:$D,"S")+SO!B34 -> 0 | C34: =-SUMIFS(KELUAR!$E:$E,KELUAR!$B:$B,"JANGGAN PENDEK",KELUAR!$C:$C,"Rosegold",KELUAR!$D:$D,"M")+SUMIFS(MASUK!$E:$E,MASUK!$B:$B,"JANGGAN PENDEK",MASUK!$C:$C,"Rosegold",MASUK!$D:$D,"M")+SO!C34 -> 0 | D34: =-SUMIFS(KELUAR!$E:$E,KELUAR!$B:$B,"JANGGAN PENDEK",KELUAR!$C:$C,"Rosegold",KELUAR!$D:$D,"L")+SUMIFS(MASUK!$E:$E,MASUK!$B:$B,"JANGGAN PENDEK",MASUK!$C:$C,"Rosegold",MASUK!$D:$D,"L")+SO!D34 -> 0 | F34: =SUM(B34:E34) -> 0 | I34: SAGE | J34: =-SUMIFS(KELUAR!$E:$E,KELUAR!$B:$B,"SLAYER",KELUAR!$C:$C,"sage",KELUAR!$D:$D,"4")+SUMIFS(MASUK!$E:$E,MASUK!$B:$B,"SLAYER",MASUK!$C:$C,"sage",MASUK!$D:$D,"4")+SO!J34 -> 0 | K34: =-SUMIFS(KELUAR!$E:$E,KELUAR!$B:$B,"SLAYER",KELUAR!$C:$C,"sage",KELUAR!$D:$D,"6")+SUMIFS(MASUK!$E:$E,MASUK!$B:$B,"SLAYER",MASUK!$C:$C,"sage",MASUK!$D:$D,"6")+SO!K34 -> 0 | L34: =-SUMIFS(KELUAR!$E:$E,KELUAR!$B:$B,"SLAYER",KELUAR!$C:$C,"sage",KELUAR!$D:$D,"8")+SUMIFS(MASUK!$E:$E,MASUK!$B:$B,"SLAYER",MASUK!$C:$C,"sage",MASUK!$D:$D,"8")+SO!L34 -> 0 | M34: =-SUMIFS(KELUAR!$E:$E,KELUAR!$B:$B,"SLAYER",KELUAR!$C:$C,"sage",KELUAR!$D:$D,"10")+SUMIFS(MASUK!$E:$E,MASUK!$B:$B,"SLAYER",MASUK!$C:$C,"sage",MASUK!$D:$D,"10")+SO!M34 -> 0 | N34: =-SUMIFS(KELUAR!$E:$E,KELUAR!$B:$B,"SLAYER",KELUAR!$C:$C,"sage",KELUAR!$D:$D,"12")+SUMIFS(MASUK!$E:$E,MASUK!$B:$B,"SLAYER",MASUK!$C:$C,"sage",MASUK!$D:$D,"12")+SO!N34 -> 0 | O34: =-SUMIFS(KELUAR!$E:$E,KELUAR!$B:$B,"SLAYER",KELUAR!$C:$C,"sage",KELUAR!$D:$D,"14")+SUMIFS(MASUK!$E:$E,MASUK!$B:$B,"SLAYER",MASUK!$C:$C,"sage",MASUK!$D:$D,"14")+SO!O34 -> 0 | P34: =SUM(J34:O34) -> 0
A35: SAGE | B35: =-SUMIFS(KELUAR!$E:$E,KELUAR!$B:$B,"JANGGAN PENDEK",KELUAR!$C:$C,"Sage",KELUAR!$D:$D,"S")+SUMIFS(MASUK!$E:$E,MASUK!$B:$B,"JANGGAN PENDEK",MASUK!$C:$C,"Sage",MASUK!$D:$D,"S")+SO!B35 -> 0 | C35: =-SUMIFS(KELUAR!$E:$E,KELUAR!$B:$B,"JANGGAN PENDEK",KELUAR!$C:$C,"Sage",KELUAR!$D:$D,"M")+SUMIFS(MASUK!$E:$E,MASUK!$B:$B,"JANGGAN PENDEK",MASUK!$C:$C,"Sage",MASUK!$D:$D,"M")+SO!C35 -> 0 | D35: =-SUMIFS(KELUAR!$E:$E,KELUAR!$B:$B,"JANGGAN PENDEK",KELUAR!$C:$C,"Sage",KELUAR!$D:$D,"L")+SUMIFS(MASUK!$E:$E,MASUK!$B:$B,"JANGGAN PENDEK",MASUK!$C:$C,"Sage",MASUK!$D:$D,"L")+SO!D35 -> 0 | F35: =SUM(B35:E35) -> 0 | I35: EMERALD GREEN | J35: =-SUMIFS(KELUAR!$E:$E,KELUAR!$B:$B,"SLAYER",KELUAR!$C:$C,"emerald green",KELUAR!$D:$D,"4")+SUMIFS(MASUK!$E:$E,MASUK!$B:$B,"SLAYER",MASUK!$C:$C,"emerald green",MASUK!$D:$D,"4")+SO!J35 -> 0 | K35: =-SUMIFS(KELUAR!$E:$E,KELUAR!$B:$B,"SLAYER",KELUAR!$C:$C,"emerald green",KELUAR!$D:$D,"6")+SUMIFS(MASUK!$E:$E,MASUK!$B:$B,"SLAYER",MASUK!$C:$C,"emerald green",MASUK!$D:$D,"6")+SO!K35 -> 0 | L35: =-SUMIFS(KELUAR!$E:$E,KELUAR!$B:$B,"SLAYER",KELUAR!$C:$C,"emerald green",KELUAR!$D:$D,"8")+SUMIFS(MASUK!$E:$E,MASUK!$B:$B,"SLAYER",MASUK!$C:$C,"emerald green",MASUK!$D:$D,"8")+SO!L35 -> 0 | M35: =-SUMIFS(KELUAR!$E:$E,KELUAR!$B:$B,"SLAYER",KELUAR!$C:$C,"emerald green",KELUAR!$D:$D,"10")+SUMIFS(MASUK!$E:$E,MASUK!$B:$B,"SLAYER",MASUK!$C:$C,"emerald green",MASUK!$D:$D,"10")+SO!M35 -> 0 | N35: =-SUMIFS(KELUAR!$E:$E,KELUAR!$B:$B,"SLAYER",KELUAR!$C:$C,"emerald green",KELUAR!$D:$D,"12")+SUMIFS(MASUK!$E:$E,MASUK!$B:$B,"SLAYER",MASUK!$C:$C,"emerald green",MASUK!$D:$D,"12")+SO!N35 -> 0 | O35: =-SUMIFS(KELUAR!$E:$E,KELUAR!$B:$B,"SLAYER",KELUAR!$C:$C,"emerald green",KELUAR!$D:$D,"14")+SUMIFS(MASUK!$E:$E,MASUK!$B:$B,"SLAYER",MASUK!$C:$C,"emerald green",MASUK!$D:$D,"14")+SO!O35 -> 0 | P35: =SUM(J35:O35) -> 0
A36: EMERALD GREEN | B36: =-SUMIFS(KELUAR!$E:$E,KELUAR!$B:$B,"JANGGAN PENDEK",KELUAR!$C:$C,"emerald green",KELUAR!$D:$D,"S")+SUMIFS(MASUK!$E:$E,MASUK!$B:$B,"JANGGAN PENDEK",MASUK!$C:$C,"emerald green",MASUK!$D:$D,"S")+SO!B36 -> 0 | C36: =-SUMIFS(KELUAR!$E:$E,KELUAR!$B:$B,"JANGGAN PENDEK",KELUAR!$C:$C,"emerald green",KELUAR!$D:$D,"M")+SUMIFS(MASUK!$E:$E,MASUK!$B:$B,"JANGGAN PENDEK",MASUK!$C:$C,"emerald green",MASUK!$D:$D,"M")+SO!C36 -> 0 | D36: =-SUMIFS(KELUAR!$E:$E,KELUAR!$B:$B,"JANGGAN PENDEK",KELUAR!$C:$C,"emerald green",KELUAR!$D:$D,"L")+SUMIFS(MASUK!$E:$E,MASUK!$B:$B,"JANGGAN PENDEK",MASUK!$C:$C,"emerald green",MASUK!$D:$D,"L")+SO!D36 -> 0 | F36: =SUM(B36:E36) -> 0 | I36: SILVER | J36: =-SUMIFS(KELUAR!$E:$E,KELUAR!$B:$B,"SLAYER",KELUAR!$C:$C,"silver",KELUAR!$D:$D,"4")+SUMIFS(MASUK!$E:$E,MASUK!$B:$B,"SLAYER",MASUK!$C:$C,"silver",MASUK!$D:$D,"4")+SO!J36 -> 0 | K36: =-SUMIFS(KELUAR!$E:$E,KELUAR!$B:$B,"SLAYER",KELUAR!$C:$C,"silver",KELUAR!$D:$D,"6")+SUMIFS(MASUK!$E:$E,MASUK!$B:$B,"SLAYER",MASUK!$C:$C,"silver",MASUK!$D:$D,"6")+SO!K36 -> 0 | L36: =-SUMIFS(KELUAR!$E:$E,KELUAR!$B:$B,"SLAYER",KELUAR!$C:$C,"silver",KELUAR!$D:$D,"8")+SUMIFS(MASUK!$E:$E,MASUK!$B:$B,"SLAYER",MASUK!$C:$C,"silver",MASUK!$D:$D,"8")+SO!L36 -> 0 | M36: =-SUMIFS(KELUAR!$E:$E,KELUAR!$B:$B,"SLAYER",KELUAR!$C:$C,"silver",KELUAR!$D:$D,"10")+SUMIFS(MASUK!$E:$E,MASUK!$B:$B,"SLAYER",MASUK!$C:$C,"silver",MASUK!$D:$D,"10")+SO!M36 -> 0 | N36: =-SUMIFS(KELUAR!$E:$E,KELUAR!$B:$B,"SLAYER",KELUAR!$C:$C,"silver",KELUAR!$D:$D,"12")+SUMIFS(MASUK!$E:$E,MASUK!$B:$B,"SLAYER",MASUK!$C:$C,"silver",MASUK!$D:$D,"12")+SO!N36 -> 0 | O36: =-SUMIFS(KELUAR!$E:$E,KELUAR!$B:$B,"SLAYER",KELUAR!$C:$C,"silver",KELUAR!$D:$D,"14")+SUMIFS(MASUK!$E:$E,MASUK!$B:$B,"SLAYER",MASUK!$C:$C,"silver",MASUK!$D:$D,"14")+SO!O36 -> 0 | P36: =SUM(J36:O36) -> 0
A37: MILO | B37: =-SUMIFS(KELUAR!$E:$E,KELUAR!$B:$B,"JANGGAN PENDEK",KELUAR!$C:$C,"milo",KELUAR!$D:$D,"S")+SUMIFS(MASUK!$E:$E,MASUK!$B:$B,"JANGGAN PENDEK",MASUK!$C:$C,"milo",MASUK!$D:$D,"S")+SO!B37 -> 0 | C37: =-SUMIFS(KELUAR!$E:$E,KELUAR!$B:$B,"JANGGAN PENDEK",KELUAR!$C:$C,"milo",KELUAR!$D:$D,"M")+SUMIFS(MASUK!$E:$E,MASUK!$B:$B,"JANGGAN PENDEK",MASUK!$C:$C,"milo",MASUK!$D:$D,"M")+SO!C37 -> 0 | D37: =-SUMIFS(KELUAR!$E:$E,KELUAR!$B:$B,"JANGGAN PENDEK",KELUAR!$C:$C,"milo",KELUAR!$D:$D,"L")+SUMIFS(MASUK!$E:$E,MASUK!$B:$B,"JANGGAN PENDEK",MASUK!$C:$C,"milo",MASUK!$D:$D,"L")+SO!D37 -> 0 | F37: =SUM(B37:E37) -> 0 | J37: =-SUMIFS(KELUAR!$E:$E,KELUAR!$B:$B,"SLAYER",KELUAR!$C:$C,"COKSU",KELUAR!$D:$D,"4")+SUMIFS(MASUK!$E:$E,MASUK!$B:$B,"SLAYER",MASUK!$C:$C,"COKSU",MASUK!$D:$D,"4")+SO!J37 -> 0 | K37: =-SUMIFS(KELUAR!$E:$E,KELUAR!$B:$B,"SLAYER",KELUAR!$C:$C,"COKSU",KELUAR!$D:$D,"6")+SUMIFS(MASUK!$E:$E,MASUK!$B:$B,"SLAYER",MASUK!$C:$C,"COKSU",MASUK!$D:$D,"6")+SO!K37 -> 0 | L37: =-SUMIFS(KELUAR!$E:$E,KELUAR!$B:$B,"SLAYER",KELUAR!$C:$C,"COKSU",KELUAR!$D:$D,"8")+SUMIFS(MASUK!$E:$E,MASUK!$B:$B,"SLAYER",MASUK!$C:$C,"COKSU",MASUK!$D:$D,"8")+SO!L37 -> 0 | M37: =-SUMIFS(KELUAR!$E:$E,KELUAR!$B:$B,"SLAYER",KELUAR!$C:$C,"COKSU",KELUAR!$D:$D,"10")+SUMIFS(MASUK!$E:$E,MASUK!$B:$B,"SLAYER",MASUK!$C:$C,"COKSU",MASUK!$D:$D,"10")+SO!M37 -> 0 | N37: =-SUMIFS(KELUAR!$E:$E,KELUAR!$B:$B,"SLAYER",KELUAR!$C:$C,"COKSU",KELUAR!$D:$D,"12")+SUMIFS(MASUK!$E:$E,MASUK!$B:$B,"SLAYER",MASUK!$C:$C,"COKSU",MASUK!$D:$D,"12")+SO!N37 -> 0 | O37: =-SUMIFS(KELUAR!$E:$E,KELUAR!$B:$B,"SLAYER",KELUAR!$C:$C,"COKSU",KELUAR!$D:$D,"14")+SUMIFS(MASUK!$E:$E,MASUK!$B:$B,"SLAYER",MASUK!$C:$C,"COKSU",MASUK!$D:$D,"14")+SO!O37 -> 0 | P37: =SUM(J37:O37) -> 0
A38: BROKEN WHITE | B38: =-SUMIFS(KELUAR!$E:$E,KELUAR!$B:$B,"JANGGAN PENDEK",KELUAR!$C:$C,"broken white",KELUAR!$D:$D,"S")+SUMIFS(MASUK!$E:$E,MASUK!$B:$B,"JANGGAN PENDEK",MASUK!$C:$C,"broken white",MASUK!$D:$D,"S")+SO!B38 -> 0 | C38: =-SUMIFS(KELUAR!$E:$E,KELUAR!$B:$B,"JANGGAN PENDEK",KELUAR!$C:$C,"broken white",KELUAR!$D:$D,"M")+SUMIFS(MASUK!$E:$E,MASUK!$B:$B,"JANGGAN PENDEK",MASUK!$C:$C,"broken white",MASUK!$D:$D,"M")+SO!C38 -> 0 | D38: =-SUMIFS(KELUAR!$E:$E,KELUAR!$B:$B,"JANGGAN PENDEK",KELUAR!$C:$C,"broken white",KELUAR!$D:$D,"L")+SUMIFS(MASUK!$E:$E,MASUK!$B:$B,"JANGGAN PENDEK",MASUK!$C:$C,"broken white",MASUK!$D:$D,"L")+SO!D38 -> 0 | F38: =SUM(B38:E38) -> 0 | J38: =-SUMIFS(KELUAR!$E:$E,KELUAR!$B:$B,"SLAYER",KELUAR!$C:$C,"COKSU",KELUAR!$D:$D,"4")+SUMIFS(MASUK!$E:$E,MASUK!$B:$B,"SLAYER",MASUK!$C:$C,"COKSU",MASUK!$D:$D,"4")+SO!J38 -> 0 | K38: =-SUMIFS(KELUAR!$E:$E,KELUAR!$B:$B,"SLAYER",KELUAR!$C:$C,"COKSU",KELUAR!$D:$D,"6")+SUMIFS(MASUK!$E:$E,MASUK!$B:$B,"SLAYER",MASUK!$C:$C,"COKSU",MASUK!$D:$D,"6")+SO!K38 -> 0 | L38: =-SUMIFS(KELUAR!$E:$E,KELUAR!$B:$B,"SLAYER",KELUAR!$C:$C,"COKSU",KELUAR!$D:$D,"8")+SUMIFS(MASUK!$E:$E,MASUK!$B:$B,"SLAYER",MASUK!$C:$C,"COKSU",MASUK!$D:$D,"8")+SO!L38 -> 0 | M38: =-SUMIFS(KELUAR!$E:$E,KELUAR!$B:$B,"SLAYER",KELUAR!$C:$C,"COKSU",KELUAR!$D:$D,"10")+SUMIFS(MASUK!$E:$E,MASUK!$B:$B,"SLAYER",MASUK!$C:$C,"COKSU",MASUK!$D:$D,"10")+SO!M38 -> 0 | N38: =-SUMIFS(KELUAR!$E:$E,KELUAR!$B:$B,"SLAYER",KELUAR!$C:$C,"COKSU",KELUAR!$D:$D,"12")+SUMIFS(MASUK!$E:$E,MASUK!$B:$B,"SLAYER",MASUK!$C:$C,"COKSU",MASUK!$D:$D,"12")+SO!N38 -> 0 | O38: =-SUMIFS(KELUAR!$E:$E,KELUAR!$B:$B,"SLAYER",KELUAR!$C:$C,"COKSU",KELUAR!$D:$D,"14")+SUMIFS(MASUK!$E:$E,MASUK!$B:$B,"SLAYER",MASUK!$C:$C,"COKSU",MASUK!$D:$D,"14")+SO!O38 -> 0 | P38: =SUM(J38:O38) -> 0
A39: BUTTER YELLOW | B39: =-SUMIFS(KELUAR!$E:$E,KELUAR!$B:$B,"JANGGAN PENDEK",KELUAR!$C:$C,"Butter Yellow",KELUAR!$D:$D,"S")+SUMIFS(MASUK!$E:$E,MASUK!$B:$B,"JANGGAN PENDEK",MASUK!$C:$C,"Butter Yellow",MASUK!$D:$D,"S")+SO!B39 -> 0 | C39: =-SUMIFS(KELUAR!$E:$E,KELUAR!$B:$B,"JANGGAN PENDEK",KELUAR!$C:$C,"Butter Yellow",KELUAR!$D:$D,"M")+SUMIFS(MASUK!$E:$E,MASUK!$B:$B,"JANGGAN PENDEK",MASUK!$C:$C,"Butter Yellow",MASUK!$D:$D,"M")+SO!C39 -> 0 | D39: =-SUMIFS(KELUAR!$E:$E,KELUAR!$B:$B,"JANGGAN PENDEK",KELUAR!$C:$C,"Butter Yellow",KELUAR!$D:$D,"L")+SUMIFS(MASUK!$E:$E,MASUK!$B:$B,"JANGGAN PENDEK",MASUK!$C:$C,"Butter Yellow",MASUK!$D:$D,"L")+SO!D39 -> 0 | F39: =SUM(B39:E39) -> 0 | J39: =-SUMIFS(KELUAR!$E:$E,KELUAR!$B:$B,"SLAYER",KELUAR!$C:$C,"COKSU",KELUAR!$D:$D,"4")+SUMIFS(MASUK!$E:$E,MASUK!$B:$B,"SLAYER",MASUK!$C:$C,"COKSU",MASUK!$D:$D,"4")+SO!J39 -> 0 | K39: =-SUMIFS(KELUAR!$E:$E,KELUAR!$B:$B,"SLAYER",KELUAR!$C:$C,"COKSU",KELUAR!$D:$D,"6")+SUMIFS(MASUK!$E:$E,MASUK!$B:$B,"SLAYER",MASUK!$C:$C,"COKSU",MASUK!$D:$D,"6")+SO!K39 -> 0 | L39: =-SUMIFS(KELUAR!$E:$E,KELUAR!$B:$B,"SLAYER",KELUAR!$C:$C,"COKSU",KELUAR!$D:$D,"8")+SUMIFS(MASUK!$E:$E,MASUK!$B:$B,"SLAYER",MASUK!$C:$C,"COKSU",MASUK!$D:$D,"8")+SO!L39 -> 0 | M39: =-SUMIFS(KELUAR!$E:$E,KELUAR!$B:$B,"SLAYER",KELUAR!$C:$C,"COKSU",KELUAR!$D:$D,"10")+SUMIFS(MASUK!$E:$E,MASUK!$B:$B,"SLAYER",MASUK!$C:$C,"COKSU",MASUK!$D:$D,"10")+SO!M39 -> 0 | N39: =-SUMIFS(KELUAR!$E:$E,KELUAR!$B:$B,"SLAYER",KELUAR!$C:$C,"COKSU",KELUAR!$D:$D,"12")+SUMIFS(MASUK!$E:$E,MASUK!$B:$B,"SLAYER",MASUK!$C:$C,"COKSU",MASUK!$D:$D,"12")+SO!N39 -> 0 | O39: =-SUMIFS(KELUAR!$E:$E,KELUAR!$B:$B,"SLAYER",KELUAR!$C:$C,"COKSU",KELUAR!$D:$D,"14")+SUMIFS(MASUK!$E:$E,MASUK!$B:$B,"SLAYER",MASUK!$C:$C,"COKSU",MASUK!$D:$D,"14")+SO!O39 -> 0 | P39: =SUM(J39:O39) -> 0
A40: EMERALD BLUE | B40: =-SUMIFS(KELUAR!$E:$E,KELUAR!$B:$B,"JANGGAN PENDEK",KELUAR!$C:$C,"emerald blue",KELUAR!$D:$D,"S")+SUMIFS(MASUK!$E:$E,MASUK!$B:$B,"JANGGAN PENDEK",MASUK!$C:$C,"emerald blue",MASUK!$D:$D,"S")+SO!B40 -> 0 | C40: =-SUMIFS(KELUAR!$E:$E,KELUAR!$B:$B,"JANGGAN PENDEK",KELUAR!$C:$C,"emerald blue",KELUAR!$D:$D,"M")+SUMIFS(MASUK!$E:$E,MASUK!$B:$B,"JANGGAN PENDEK",MASUK!$C:$C,"emerald blue",MASUK!$D:$D,"M")+SO!C40 -> 0 | D40: =-SUMIFS(KELUAR!$E:$E,KELUAR!$B:$B,"JANGGAN PENDEK",KELUAR!$C:$C,"emerald blue",KELUAR!$D:$D,"L")+SUMIFS(MASUK!$E:$E,MASUK!$B:$B,"JANGGAN PENDEK",MASUK!$C:$C,"emerald blue",MASUK!$D:$D,"L")+SO!D40 -> 0 | F40: =SUM(B40:E40) -> 0 | O40: JUMLAH | P40: =SUBTOTAL(9,P25:P39) -> 0
B41: =-SUMIFS(KELUAR!$E:$E,KELUAR!$B:$B,"JANGGAN PENDEK",KELUAR!$C:$C,"broken white",KELUAR!$D:$D,"S")+SUMIFS(MASUK!$E:$E,MASUK!$B:$B,"JANGGAN PENDEK",MASUK!$C:$C,"broken white",MASUK!$D:$D,"S")+SO!B41 -> 0 | C41: =-SUMIFS(KELUAR!$E:$E,KELUAR!$B:$B,"JANGGAN PENDEK",KELUAR!$C:$C,"broken white",KELUAR!$D:$D,"M")+SUMIFS(MASUK!$E:$E,MASUK!$B:$B,"JANGGAN PENDEK",MASUK!$C:$C,"broken white",MASUK!$D:$D,"M")+SO!C41 -> 0 | D41: =-SUMIFS(KELUAR!$E:$E,KELUAR!$B:$B,"JANGGAN PENDEK",KELUAR!$C:$C,"broken white",KELUAR!$D:$D,"L")+SUMIFS(MASUK!$E:$E,MASUK!$B:$B,"JANGGAN PENDEK",MASUK!$C:$C,"broken white",MASUK!$D:$D,"L")+SO!D41 -> 0 | F41: =SUM(B41:E41) -> 0
B42: =-SUMIFS(KELUAR!$E:$E,KELUAR!$B:$B,"JANGGAN PENDEK",KELUAR!$C:$C,"broken white",KELUAR!$D:$D,"S")+SUMIFS(MASUK!$E:$E,MASUK!$B:$B,"JANGGAN PENDEK",MASUK!$C:$C,"broken white",MASUK!$D:$D,"S")+SO!B42 -> 0 | C42: =-SUMIFS(KELUAR!$E:$E,KELUAR!$B:$B,"JANGGAN PENDEK",KELUAR!$C:$C,"broken white",KELUAR!$D:$D,"M")+SUMIFS(MASUK!$E:$E,MASUK!$B:$B,"JANGGAN PENDEK",MASUK!$C:$C,"broken white",MASUK!$D:$D,"M")+SO!C42 -> 0 | D42: =-SUMIFS(KELUAR!$E:$E,KELUAR!$B:$B,"JANGGAN PENDEK",KELUAR!$C:$C,"broken white",KELUAR!$D:$D,"L")+SUMIFS(MASUK!$E:$E,MASUK!$B:$B,"JANGGAN PENDEK",MASUK!$C:$C,"broken white",MASUK!$D:$D,"L")+SO!D42 -> 0 | F42: =SUM(B42:E42) -> 0 | I42: JANGGAN PANJANG | O42: TOTAL
B43: =-SUMIFS(KELUAR!$E:$E,KELUAR!$B:$B,"JANGGAN PENDEK",KELUAR!$C:$C,"broken white",KELUAR!$D:$D,"S")+SUMIFS(MASUK!$E:$E,MASUK!$B:$B,"JANGGAN PENDEK",MASUK!$C:$C,"broken white",MASUK!$D:$D,"S")+SO!B43 -> 0 | C43: =-SUMIFS(KELUAR!$E:$E,KELUAR!$B:$B,"JANGGAN PENDEK",KELUAR!$C:$C,"broken white",KELUAR!$D:$D,"M")+SUMIFS(MASUK!$E:$E,MASUK!$B:$B,"JANGGAN PENDEK",MASUK!$C:$C,"broken white",MASUK!$D:$D,"M")+SO!C43 -> 0 | D43: =-SUMIFS(KELUAR!$E:$E,KELUAR!$B:$B,"JANGGAN PENDEK",KELUAR!$C:$C,"broken white",KELUAR!$D:$D,"L")+SUMIFS(MASUK!$E:$E,MASUK!$B:$B,"JANGGAN PENDEK",MASUK!$C:$C,"broken white",MASUK!$D:$D,"L")+SO!D43 -> 0 | F43: =SUM(B43:E43) -> 0 | I43: WARNA | J43: 6 | K43: 8 | L43: 10 | M43: 12 | N43: 14
B44: =-SUMIFS(KELUAR!$E:$E,KELUAR!$B:$B,"JANGGAN PENDEK",KELUAR!$C:$C,"broken white",KELUAR!$D:$D,"S")+SUMIFS(MASUK!$E:$E,MASUK!$B:$B,"JANGGAN PENDEK",MASUK!$C:$C,"broken white",MASUK!$D:$D,"S")+SO!B44 -> 0 | C44: =-SUMIFS(KELUAR!$E:$E,KELUAR!$B:$B,"JANGGAN PENDEK",KELUAR!$C:$C,"broken white",KELUAR!$D:$D,"M")+SUMIFS(MASUK!$E:$E,MASUK!$B:$B,"JANGGAN PENDEK",MASUK!$C:$C,"broken white",MASUK!$D:$D,"M")+SO!C44 -> 0 | D44: =-SUMIFS(KELUAR!$E:$E,KELUAR!$B:$B,"JANGGAN PENDEK",KELUAR!$C:$C,"broken white",KELUAR!$D:$D,"L")+SUMIFS(MASUK!$E:$E,MASUK!$B:$B,"JANGGAN PENDEK",MASUK!$C:$C,"broken white",MASUK!$D:$D,"L")+SO!D44 -> 0 | F44: =SUM(B44:E44) -> 0 | I44: MAHOGANY | J44: =-SUMIFS(KELUAR!$E:$E,KELUAR!$B:$B,"JANGGAN PANJANG",KELUAR!$C:$C,"MAHOGANY",KELUAR!$D:$D,"6")+SUMIFS(MASUK!$E:$E,MASUK!$B:$B,"JANGGAN PANJANG",MASUK!$C:$C,"MAHOGANY",MASUK!$D:$D,"6")+SO!J46 -> 0 | K44: =-SUMIFS(KELUAR!$E:$E,KELUAR!$B:$B,"JANGGAN PANJANG",KELUAR!$C:$C,"MAHOGANY",KELUAR!$D:$D,"8")+SUMIFS(MASUK!$E:$E,MASUK!$B:$B,"JANGGAN PANJANG",MASUK!$C:$C,"MAHOGANY",MASUK!$D:$D,"8")+SO!K46 -> 0 | L44: =-SUMIFS(KELUAR!$E:$E,KELUAR!$B:$B,"JANGGAN PANJANG",KELUAR!$C:$C,"MAHOGANY",KELUAR!$D:$D,"10")+SUMIFS(MASUK!$E:$E,MASUK!$B:$B,"JANGGAN PANJANG",MASUK!$C:$C,"MAHOGANY",MASUK!$D:$D,"10")+SO!L46 -> 0 | M44: =-SUMIFS(KELUAR!$E:$E,KELUAR!$B:$B,"JANGGAN PANJANG",KELUAR!$C:$C,"MAHOGANY",KELUAR!$D:$D,"12")+SUMIFS(MASUK!$E:$E,MASUK!$B:$B,"JANGGAN PANJANG",MASUK!$C:$C,"MAHOGANY",MASUK!$D:$D,"12")+SO!M46 -> 0 | N44: =-SUMIFS(KELUAR!$E:$E,KELUAR!$B:$B,"JANGGAN PANJANG",KELUAR!$C:$C,"MAHOGANY",KELUAR!$D:$D,"14")+SUMIFS(MASUK!$E:$E,MASUK!$B:$B,"JANGGAN PANJANG",MASUK!$C:$C,"MAHOGANY",MASUK!$D:$D,"14")+SO!N46 -> 0 | O44: =SUM(J44:L44) -> 0
B45: =-SUMIFS(KELUAR!$E:$E,KELUAR!$B:$B,"JANGGAN PENDEK",KELUAR!$C:$C,"broken white",KELUAR!$D:$D,"S")+SUMIFS(MASUK!$E:$E,MASUK!$B:$B,"JANGGAN PENDEK",MASUK!$C:$C,"broken white",MASUK!$D:$D,"S")+SO!B45 -> 0 | C45: =-SUMIFS(KELUAR!$E:$E,KELUAR!$B:$B,"JANGGAN PENDEK",KELUAR!$C:$C,"broken white",KELUAR!$D:$D,"M")+SUMIFS(MASUK!$E:$E,MASUK!$B:$B,"JANGGAN PENDEK",MASUK!$C:$C,"broken white",MASUK!$D:$D,"M")+SO!C45 -> 0 | D45: =-SUMIFS(KELUAR!$E:$E,KELUAR!$B:$B,"JANGGAN PENDEK",KELUAR!$C:$C,"broken white",KELUAR!$D:$D,"L")+SUMIFS(MASUK!$E:$E,MASUK!$B:$B,"JANGGAN PENDEK",MASUK!$C:$C,"broken white",MASUK!$D:$D,"L")+SO!D45 -> 0 | F45: =SUM(B45:E45) -> 0 | I45: BERGUNDI | J45: =-SUMIFS(KELUAR!$E:$E,KELUAR!$B:$B,"JANGGAN PANJANG",KELUAR!$C:$C,"BURGUNDY",KELUAR!$D:$D,"6")+SUMIFS(MASUK!$E:$E,MASUK!$B:$B,"JANGGAN PANJANG",MASUK!$C:$C,"BURGUNDY",MASUK!$D:$D,"6")+SO!J47 -> 0 | K45: =-SUMIFS(KELUAR!$E:$E,KELUAR!$B:$B,"JANGGAN PANJANG",KELUAR!$C:$C,"BURGUNDY",KELUAR!$D:$D,"8")+SUMIFS(MASUK!$E:$E,MASUK!$B:$B,"JANGGAN PANJANG",MASUK!$C:$C,"BURGUNDY",MASUK!$D:$D,"8")+SO!K47 -> 0 | L45: =-SUMIFS(KELUAR!$E:$E,KELUAR!$B:$B,"JANGGAN PANJANG",KELUAR!$C:$C,"BURGUNDY",KELUAR!$D:$D,"10")+SUMIFS(MASUK!$E:$E,MASUK!$B:$B,"JANGGAN PANJANG",MASUK!$C:$C,"BURGUNDY",MASUK!$D:$D,"10")+SO!L47 -> 0 | M45: =-SUMIFS(KELUAR!$E:$E,KELUAR!$B:$B,"JANGGAN PANJANG",KELUAR!$C:$C,"BURGUNDY",KELUAR!$D:$D,"12")+SUMIFS(MASUK!$E:$E,MASUK!$B:$B,"JANGGAN PANJANG",MASUK!$C:$C,"BURGUNDY",MASUK!$D:$D,"12")+SO!M47 -> 0 | N45: =-SUMIFS(KELUAR!$E:$E,KELUAR!$B:$B,"JANGGAN PANJANG",KELUAR!$C:$C,"MAHOGANY",KELUAR!$D:$D,"14")+SUMIFS(MASUK!$E:$E,MASUK!$B:$B,"JANGGAN PANJANG",MASUK!$C:$C,"MAHOGANY",MASUK!$D:$D,"14")+SO!N47 -> 0 | O45: =SUM(J45:L45) -> 0
E46: JUMLAH | F46: =SUBTOTAL(9,F27:F45) -> 0 | I46: DENIM | J46: =-SUMIFS(KELUAR!$E:$E,KELUAR!$B:$B,"JANGGAN PANJANG",KELUAR!$C:$C,"DENIM",KELUAR!$D:$D,"6")+SUMIFS(MASUK!$E:$E,MASUK!$B:$B,"JANGGAN PANJANG",MASUK!$C:$C,"DENIM",MASUK!$D:$D,"6")+SO!J48 -> 0 | K46: =-SUMIFS(KELUAR!$E:$E,KELUAR!$B:$B,"JANGGAN PANJANG",KELUAR!$C:$C,"DENIM",KELUAR!$D:$D,"8")+SUMIFS(MASUK!$E:$E,MASUK!$B:$B,"JANGGAN PANJANG",MASUK!$C:$C,"DENIM",MASUK!$D:$D,"8")+SO!K48 -> 0 | L46: =-SUMIFS(KELUAR!$E:$E,KELUAR!$B:$B,"JANGGAN PANJANG",KELUAR!$C:$C,"DENIM",KELUAR!$D:$D,"10")+SUMIFS(MASUK!$E:$E,MASUK!$B:$B,"JANGGAN PANJANG",MASUK!$C:$C,"DENIM",MASUK!$D:$D,"10")+SO!L48 -> 0 | M46: =-SUMIFS(KELUAR!$E:$E,KELUAR!$B:$B,"JANGGAN PANJANG",KELUAR!$C:$C,"DENIM",KELUAR!$D:$D,"12")+SUMIFS(MASUK!$E:$E,MASUK!$B:$B,"JANGGAN PANJANG",MASUK!$C:$C,"DENIM",MASUK!$D:$D,"12")+SO!M48 -> 0 | N46: =-SUMIFS(KELUAR!$E:$E,KELUAR!$B:$B,"JANGGAN PANJANG",KELUAR!$C:$C,"MAHOGANY",KELUAR!$D:$D,"14")+SUMIFS(MASUK!$E:$E,MASUK!$B:$B,"JANGGAN PANJANG",MASUK!$C:$C,"MAHOGANY",MASUK!$D:$D,"14")+SO!N48 -> 0 | O46: =SUM(J46:L46) -> 0
I47: COKSU | J47: =-SUMIFS(KELUAR!$E:$E,KELUAR!$B:$B,"JANGGAN PANJANG",KELUAR!$C:$C,"COKSU",KELUAR!$D:$D,"6")+SUMIFS(MASUK!$E:$E,MASUK!$B:$B,"JANGGAN PANJANG",MASUK!$C:$C,"COKSU",MASUK!$D:$D,"6")+SO!J49 -> 0 | K47: =-SUMIFS(KELUAR!$E:$E,KELUAR!$B:$B,"JANGGAN PANJANG",KELUAR!$C:$C,"COKSU",KELUAR!$D:$D,"8")+SUMIFS(MASUK!$E:$E,MASUK!$B:$B,"JANGGAN PANJANG",MASUK!$C:$C,"COKSU",MASUK!$D:$D,"8")+SO!K49 -> 0 | L47: =-SUMIFS(KELUAR!$E:$E,KELUAR!$B:$B,"JANGGAN PANJANG",KELUAR!$C:$C,"COKSU",KELUAR!$D:$D,"10")+SUMIFS(MASUK!$E:$E,MASUK!$B:$B,"JANGGAN PANJANG",MASUK!$C:$C,"COKSU",MASUK!$D:$D,"10")+SO!L49 -> 0 | M47: =-SUMIFS(KELUAR!$E:$E,KELUAR!$B:$B,"JANGGAN PANJANG",KELUAR!$C:$C,"COKSU",KELUAR!$D:$D,"12")+SUMIFS(MASUK!$E:$E,MASUK!$B:$B,"JANGGAN PANJANG",MASUK!$C:$C,"COKSU",MASUK!$D:$D,"12")+SO!M49 -> 0 | N47: =-SUMIFS(KELUAR!$E:$E,KELUAR!$B:$B,"JANGGAN PANJANG",KELUAR!$C:$C,"MAHOGANY",KELUAR!$D:$D,"14")+SUMIFS(MASUK!$E:$E,MASUK!$B:$B,"JANGGAN PANJANG",MASUK!$C:$C,"MAHOGANY",MASUK!$D:$D,"14")+SO!N49 -> 0 | O47: =SUM(J47:L47) -> 0
I48: NAVY | J48: =-SUMIFS(KELUAR!$E:$E,KELUAR!$B:$B,"JANGGAN PANJANG",KELUAR!$C:$C,"NAVY",KELUAR!$D:$D,"6")+SUMIFS(MASUK!$E:$E,MASUK!$B:$B,"JANGGAN PANJANG",MASUK!$C:$C,"NAVY",MASUK!$D:$D,"6")+SO!J50 -> 0 | K48: =-SUMIFS(KELUAR!$E:$E,KELUAR!$B:$B,"JANGGAN PANJANG",KELUAR!$C:$C,"NAVY",KELUAR!$D:$D,"8")+SUMIFS(MASUK!$E:$E,MASUK!$B:$B,"JANGGAN PANJANG",MASUK!$C:$C,"NAVY",MASUK!$D:$D,"8")+SO!K50 -> 0 | L48: =-SUMIFS(KELUAR!$E:$E,KELUAR!$B:$B,"JANGGAN PANJANG",KELUAR!$C:$C,"NAVY",KELUAR!$D:$D,"10")+SUMIFS(MASUK!$E:$E,MASUK!$B:$B,"JANGGAN PANJANG",MASUK!$C:$C,"NAVY",MASUK!$D:$D,"10")+SO!L50 -> 0 | M48: =-SUMIFS(KELUAR!$E:$E,KELUAR!$B:$B,"JANGGAN PANJANG",KELUAR!$C:$C,"NAVY",KELUAR!$D:$D,"12")+SUMIFS(MASUK!$E:$E,MASUK!$B:$B,"JANGGAN PANJANG",MASUK!$C:$C,"NAVY",MASUK!$D:$D,"12")+SO!M50 -> 0 | N48: =-SUMIFS(KELUAR!$E:$E,KELUAR!$B:$B,"JANGGAN PANJANG",KELUAR!$C:$C,"MAHOGANY",KELUAR!$D:$D,"14")+SUMIFS(MASUK!$E:$E,MASUK!$B:$B,"JANGGAN PANJANG",MASUK!$C:$C,"MAHOGANY",MASUK!$D:$D,"14")+SO!N50 -> 0 | O48: =SUM(J48:L48) -> 0
I49: HITAM | J49: =-SUMIFS(KELUAR!$E:$E,KELUAR!$B:$B,"JANGGAN PANJANG",KELUAR!$C:$C,"HITAM",KELUAR!$D:$D,"6")+SUMIFS(MASUK!$E:$E,MASUK!$B:$B,"JANGGAN PANJANG",MASUK!$C:$C,"HITAM",MASUK!$D:$D,"6")+SO!J51 -> 0 | K49: =-SUMIFS(KELUAR!$E:$E,KELUAR!$B:$B,"JANGGAN PANJANG",KELUAR!$C:$C,"HITAM",KELUAR!$D:$D,"8")+SUMIFS(MASUK!$E:$E,MASUK!$B:$B,"JANGGAN PANJANG",MASUK!$C:$C,"HITAM",MASUK!$D:$D,"8")+SO!K51 -> 0 | L49: =-SUMIFS(KELUAR!$E:$E,KELUAR!$B:$B,"JANGGAN PANJANG",KELUAR!$C:$C,"HITAM",KELUAR!$D:$D,"10")+SUMIFS(MASUK!$E:$E,MASUK!$B:$B,"JANGGAN PANJANG",MASUK!$C:$C,"HITAM",MASUK!$D:$D,"10")+SO!L51 -> 0 | M49: =-SUMIFS(KELUAR!$E:$E,KELUAR!$B:$B,"JANGGAN PANJANG",KELUAR!$C:$C,"HITAM",KELUAR!$D:$D,"12")+SUMIFS(MASUK!$E:$E,MASUK!$B:$B,"JANGGAN PANJANG",MASUK!$C:$C,"HITAM",MASUK!$D:$D,"12")+SO!M51 -> 0 | N49: =-SUMIFS(KELUAR!$E:$E,KELUAR!$B:$B,"JANGGAN PANJANG",KELUAR!$C:$C,"MAHOGANY",KELUAR!$D:$D,"14")+SUMIFS(MASUK!$E:$E,MASUK!$B:$B,"JANGGAN PANJANG",MASUK!$C:$C,"MAHOGANY",MASUK!$D:$D,"14")+SO!N51 -> 0 | O49: =SUM(J49:L49) -> 0
I50: DUSTY | J50: =-SUMIFS(KELUAR!$E:$E,KELUAR!$B:$B,"JANGGAN PANJANG",KELUAR!$C:$C,"DUSTY",KELUAR!$D:$D,"6")+SUMIFS(MASUK!$E:$E,MASUK!$B:$B,"JANGGAN PANJANG",MASUK!$C:$C,"DUSTY",MASUK!$D:$D,"6")+SO!J52 -> 0 | K50: =-SUMIFS(KELUAR!$E:$E,KELUAR!$B:$B,"JANGGAN PANJANG",KELUAR!$C:$C,"DUSTY",KELUAR!$D:$D,"8")+SUMIFS(MASUK!$E:$E,MASUK!$B:$B,"JANGGAN PANJANG",MASUK!$C:$C,"DUSTY",MASUK!$D:$D,"8")+SO!K52 -> 0 | L50: =-SUMIFS(KELUAR!$E:$E,KELUAR!$B:$B,"JANGGAN PANJANG",KELUAR!$C:$C,"DUSTY",KELUAR!$D:$D,"10")+SUMIFS(MASUK!$E:$E,MASUK!$B:$B,"JANGGAN PANJANG",MASUK!$C:$C,"DUSTY",MASUK!$D:$D,"10")+SO!L52 -> 0 | M50: =-SUMIFS(KELUAR!$E:$E,KELUAR!$B:$B,"JANGGAN PANJANG",KELUAR!$C:$C,"DUSTY",KELUAR!$D:$D,"12")+SUMIFS(MASUK!$E:$E,MASUK!$B:$B,"JANGGAN PANJANG",MASUK!$C:$C,"DUSTY",MASUK!$D:$D,"12")+SO!M52 -> 0 | N50: =-SUMIFS(KELUAR!$E:$E,KELUAR!$B:$B,"JANGGAN PANJANG",KELUAR!$C:$C,"MAHOGANY",KELUAR!$D:$D,"14")+SUMIFS(MASUK!$E:$E,MASUK!$B:$B,"JANGGAN PANJANG",MASUK!$C:$C,"MAHOGANY",MASUK!$D:$D,"14")+SO!N52 -> 0 | O50: =SUM(J50:L50) -> 0
I51: ROSEGOLD | J51: =-SUMIFS(KELUAR!$E:$E,KELUAR!$B:$B,"JANGGAN PANJANG",KELUAR!$C:$C,"ROSEGOLD",KELUAR!$D:$D,"6")+SUMIFS(MASUK!$E:$E,MASUK!$B:$B,"JANGGAN PANJANG",MASUK!$C:$C,"ROSEGOLD",MASUK!$D:$D,"6")+SO!J53 -> 0 | K51: =-SUMIFS(KELUAR!$E:$E,KELUAR!$B:$B,"JANGGAN PANJANG",KELUAR!$C:$C,"ROSEGOLD",KELUAR!$D:$D,"8")+SUMIFS(MASUK!$E:$E,MASUK!$B:$B,"JANGGAN PANJANG",MASUK!$C:$C,"ROSEGOLD",MASUK!$D:$D,"8")+SO!K53 -> 0 | L51: =-SUMIFS(KELUAR!$E:$E,KELUAR!$B:$B,"JANGGAN PANJANG",KELUAR!$C:$C,"ROSEGOLD",KELUAR!$D:$D,"10")+SUMIFS(MASUK!$E:$E,MASUK!$B:$B,"JANGGAN PANJANG",MASUK!$C:$C,"ROSEGOLD",MASUK!$D:$D,"10")+SO!L53 -> 0 | M51: =-SUMIFS(KELUAR!$E:$E,KELUAR!$B:$B,"JANGGAN PANJANG",KELUAR!$C:$C,"ROSEGOLD",KELUAR!$D:$D,"12")+SUMIFS(MASUK!$E:$E,MASUK!$B:$B,"JANGGAN PANJANG",MASUK!$C:$C,"ROSEGOLD",MASUK!$D:$D,"12")+SO!M53 -> 0 | N51: =-SUMIFS(KELUAR!$E:$E,KELUAR!$B:$B,"JANGGAN PANJANG",KELUAR!$C:$C,"MAHOGANY",KELUAR!$D:$D,"14")+SUMIFS(MASUK!$E:$E,MASUK!$B:$B,"JANGGAN PANJANG",MASUK!$C:$C,"MAHOGANY",MASUK!$D:$D,"14")+SO!N53 -> 0 | O51: =SUM(J51:L51) -> 0
I52: SAGE | J52: =-SUMIFS(KELUAR!$E:$E,KELUAR!$B:$B,"JANGGAN PANJANG",KELUAR!$C:$C,"SAGE",KELUAR!$D:$D,"6")+SUMIFS(MASUK!$E:$E,MASUK!$B:$B,"JANGGAN PANJANG",MASUK!$C:$C,"SAGE",MASUK!$D:$D,"6")+SO!J54 -> 0 | K52: =-SUMIFS(KELUAR!$E:$E,KELUAR!$B:$B,"JANGGAN PANJANG",KELUAR!$C:$C,"SAGE",KELUAR!$D:$D,"8")+SUMIFS(MASUK!$E:$E,MASUK!$B:$B,"JANGGAN PANJANG",MASUK!$C:$C,"SAGE",MASUK!$D:$D,"8")+SO!K54 -> 0 | L52: =-SUMIFS(KELUAR!$E:$E,KELUAR!$B:$B,"JANGGAN PANJANG",KELUAR!$C:$C,"SAGE",KELUAR!$D:$D,"10")+SUMIFS(MASUK!$E:$E,MASUK!$B:$B,"JANGGAN PANJANG",MASUK!$C:$C,"SAGE",MASUK!$D:$D,"10")+SO!L54 -> 0 | M52: =-SUMIFS(KELUAR!$E:$E,KELUAR!$B:$B,"JANGGAN PANJANG",KELUAR!$C:$C,"SAGE",KELUAR!$D:$D,"12")+SUMIFS(MASUK!$E:$E,MASUK!$B:$B,"JANGGAN PANJANG",MASUK!$C:$C,"SAGE",MASUK!$D:$D,"12")+SO!M54 -> 0 | N52: =-SUMIFS(KELUAR!$E:$E,KELUAR!$B:$B,"JANGGAN PANJANG",KELUAR!$C:$C,"MAHOGANY",KELUAR!$D:$D,"14")+SUMIFS(MASUK!$E:$E,MASUK!$B:$B,"JANGGAN PANJANG",MASUK!$C:$C,"MAHOGANY",MASUK!$D:$D,"14")+SO!N54 -> 0 | O52: =SUM(J52:L52) -> 0
I53: EMERALD GREEN | J53: =-SUMIFS(KELUAR!$E:$E,KELUAR!$B:$B,"JANGGAN PANJANG",KELUAR!$C:$C,"EMERALD GREEN",KELUAR!$D:$D,"6")+SUMIFS(MASUK!$E:$E,MASUK!$B:$B,"JANGGAN PANJANG",MASUK!$C:$C,"EMERALD GREEN",MASUK!$D:$D,"6")+SO!J55 -> 0 | K53: =-SUMIFS(KELUAR!$E:$E,KELUAR!$B:$B,"JANGGAN PANJANG",KELUAR!$C:$C,"EMERALD GREEN",KELUAR!$D:$D,"8")+SUMIFS(MASUK!$E:$E,MASUK!$B:$B,"JANGGAN PANJANG",MASUK!$C:$C,"EMERALD GREEN",MASUK!$D:$D,"8")+SO!K55 -> 0 | L53: =-SUMIFS(KELUAR!$E:$E,KELUAR!$B:$B,"JANGGAN PANJANG",KELUAR!$C:$C,"EMERALD GREEN",KELUAR!$D:$D,"10")+SUMIFS(MASUK!$E:$E,MASUK!$B:$B,"JANGGAN PANJANG",MASUK!$C:$C,"EMERALD GREEN",MASUK!$D:$D,"10")+SO!L55 -> 0 | M53: =-SUMIFS(KELUAR!$E:$E,KELUAR!$B:$B,"JANGGAN PANJANG",KELUAR!$C:$C,"EMERALD GREEN",KELUAR!$D:$D,"12")+SUMIFS(MASUK!$E:$E,MASUK!$B:$B,"JANGGAN PANJANG",MASUK!$C:$C,"EMERALD GREEN",MASUK!$D:$D,"12")+SO!M55 -> 0 | N53: =-SUMIFS(KELUAR!$E:$E,KELUAR!$B:$B,"JANGGAN PANJANG",KELUAR!$C:$C,"MAHOGANY",KELUAR!$D:$D,"14")+SUMIFS(MASUK!$E:$E,MASUK!$B:$B,"JANGGAN PANJANG",MASUK!$C:$C,"MAHOGANY",MASUK!$D:$D,"14")+SO!N55 -> 0 | O53: =SUM(J53:L53) -> 0
I54: MILO | J54: =-SUMIFS(KELUAR!$E:$E,KELUAR!$B:$B,"JANGGAN PANJANG",KELUAR!$C:$C,"MILO",KELUAR!$D:$D,"6")+SUMIFS(MASUK!$E:$E,MASUK!$B:$B,"JANGGAN PANJANG",MASUK!$C:$C,"MILO",MASUK!$D:$D,"6")+SO!J56 -> 0 | K54: =-SUMIFS(KELUAR!$E:$E,KELUAR!$B:$B,"JANGGAN PANJANG",KELUAR!$C:$C,"MILO",KELUAR!$D:$D,"8")+SUMIFS(MASUK!$E:$E,MASUK!$B:$B,"JANGGAN PANJANG",MASUK!$C:$C,"MILO",MASUK!$D:$D,"8")+SO!K56 -> 0 | L54: =-SUMIFS(KELUAR!$E:$E,KELUAR!$B:$B,"JANGGAN PANJANG",KELUAR!$C:$C,"MILO",KELUAR!$D:$D,"10")+SUMIFS(MASUK!$E:$E,MASUK!$B:$B,"JANGGAN PANJANG",MASUK!$C:$C,"MILO",MASUK!$D:$D,"10")+SO!L56 -> 0 | M54: =-SUMIFS(KELUAR!$E:$E,KELUAR!$B:$B,"JANGGAN PANJANG",KELUAR!$C:$C,"MILO",KELUAR!$D:$D,"12")+SUMIFS(MASUK!$E:$E,MASUK!$B:$B,"JANGGAN PANJANG",MASUK!$C:$C,"MILO",MASUK!$D:$D,"12")+SO!M56 -> 0 | N54: =-SUMIFS(KELUAR!$E:$E,KELUAR!$B:$B,"JANGGAN PANJANG",KELUAR!$C:$C,"MAHOGANY",KELUAR!$D:$D,"14")+SUMIFS(MASUK!$E:$E,MASUK!$B:$B,"JANGGAN PANJANG",MASUK!$C:$C,"MAHOGANY",MASUK!$D:$D,"14")+SO!N56 -> 0 | O54: =SUM(J54:L54) -> 0
I55: BROKEN WHITE | J55: =-SUMIFS(KELUAR!$E:$E,KELUAR!$B:$B,"JANGGAN PANJANG",KELUAR!$C:$C,"BROKEN WHITE",KELUAR!$D:$D,"6")+SUMIFS(MASUK!$E:$E,MASUK!$B:$B,"JANGGAN PANJANG",MASUK!$C:$C,"BROKEN WHITE",MASUK!$D:$D,"6")+SO!J57 -> 0 | K55: =-SUMIFS(KELUAR!$E:$E,KELUAR!$B:$B,"JANGGAN PANJANG",KELUAR!$C:$C,"BROKEN WHITE",KELUAR!$D:$D,"8")+SUMIFS(MASUK!$E:$E,MASUK!$B:$B,"JANGGAN PANJANG",MASUK!$C:$C,"BROKEN WHITE",MASUK!$D:$D,"8")+SO!K57 -> 0 | L55: =-SUMIFS(KELUAR!$E:$E,KELUAR!$B:$B,"JANGGAN PANJANG",KELUAR!$C:$C,"BROKEN WHITE",KELUAR!$D:$D,"10")+SUMIFS(MASUK!$E:$E,MASUK!$B:$B,"JANGGAN PANJANG",MASUK!$C:$C,"BROKEN WHITE",MASUK!$D:$D,"10")+SO!L57 -> 0 | M55: =-SUMIFS(KELUAR!$E:$E,KELUAR!$B:$B,"JANGGAN PANJANG",KELUAR!$C:$C,"BROKEN WHITE",KELUAR!$D:$D,"12")+SUMIFS(MASUK!$E:$E,MASUK!$B:$B,"JANGGAN PANJANG",MASUK!$C:$C,"BROKEN WHITE",MASUK!$D:$D,"12")+SO!M57 -> 0 | N55: =-SUMIFS(KELUAR!$E:$E,KELUAR!$B:$B,"JANGGAN PANJANG",KELUAR!$C:$C,"MAHOGANY",KELUAR!$D:$D,"14")+SUMIFS(MASUK!$E:$E,MASUK!$B:$B,"JANGGAN PANJANG",MASUK!$C:$C,"MAHOGANY",MASUK!$D:$D,"14")+SO!N57 -> 0 | O55: =SUM(J55:L55) -> 0
I56: BUTTER YELLOW | J56: =-SUMIFS(KELUAR!$E:$E,KELUAR!$B:$B,"JANGGAN PANJANG",KELUAR!$C:$C,"BUTTER YELLOW",KELUAR!$D:$D,"6")+SUMIFS(MASUK!$E:$E,MASUK!$B:$B,"JANGGAN PANJANG",MASUK!$C:$C,"BUTTER YELLOW",MASUK!$D:$D,"6")+SO!J58 -> 0 | K56: =-SUMIFS(KELUAR!$E:$E,KELUAR!$B:$B,"JANGGAN PANJANG",KELUAR!$C:$C,"BUTTER YELLOW",KELUAR!$D:$D,"8")+SUMIFS(MASUK!$E:$E,MASUK!$B:$B,"JANGGAN PANJANG",MASUK!$C:$C,"BUTTER YELLOW",MASUK!$D:$D,"8")+SO!K58 -> 0 | L56: =-SUMIFS(KELUAR!$E:$E,KELUAR!$B:$B,"JANGGAN PANJANG",KELUAR!$C:$C,"BUTTER YELLOW",KELUAR!$D:$D,"10")+SUMIFS(MASUK!$E:$E,MASUK!$B:$B,"JANGGAN PANJANG",MASUK!$C:$C,"BUTTER YELLOW",MASUK!$D:$D,"10")+SO!L58 -> 0 | M56: =-SUMIFS(KELUAR!$E:$E,KELUAR!$B:$B,"JANGGAN PANJANG",KELUAR!$C:$C,"BUTTER YELLOW",KELUAR!$D:$D,"12")+SUMIFS(MASUK!$E:$E,MASUK!$B:$B,"JANGGAN PANJANG",MASUK!$C:$C,"BUTTER YELLOW",MASUK!$D:$D,"12")+SO!M58 -> 0 | N56: =-SUMIFS(KELUAR!$E:$E,KELUAR!$B:$B,"JANGGAN PANJANG",KELUAR!$C:$C,"MAHOGANY",KELUAR!$D:$D,"14")+SUMIFS(MASUK!$E:$E,MASUK!$B:$B,"JANGGAN PANJANG",MASUK!$C:$C,"MAHOGANY",MASUK!$D:$D,"14")+SO!N58 -> 0 | O56: =SUM(J56:L56) -> 0
I57: EMERALD BLUE | J57: =-SUMIFS(KELUAR!$E:$E,KELUAR!$B:$B,"JANGGAN PANJANG",KELUAR!$C:$C,"EMERALD BLUE",KELUAR!$D:$D,"6")+SUMIFS(MASUK!$E:$E,MASUK!$B:$B,"JANGGAN PANJANG",MASUK!$C:$C,"EMERALD BLUE",MASUK!$D:$D,"6")+SO!J59 -> 0 | K57: =-SUMIFS(KELUAR!$E:$E,KELUAR!$B:$B,"JANGGAN PANJANG",KELUAR!$C:$C,"EMERALD BLUE",KELUAR!$D:$D,"8")+SUMIFS(MASUK!$E:$E,MASUK!$B:$B,"JANGGAN PANJANG",MASUK!$C:$C,"EMERALD BLUE",MASUK!$D:$D,"8")+SO!K59 -> 0 | L57: =-SUMIFS(KELUAR!$E:$E,KELUAR!$B:$B,"JANGGAN PANJANG",KELUAR!$C:$C,"EMERALD BLUE",KELUAR!$D:$D,"10")+SUMIFS(MASUK!$E:$E,MASUK!$B:$B,"JANGGAN PANJANG",MASUK!$C:$C,"EMERALD BLUE",MASUK!$D:$D,"10")+SO!L59 -> 0 | M57: =-SUMIFS(KELUAR!$E:$E,KELUAR!$B:$B,"JANGGAN PANJANG",KELUAR!$C:$C,"EMERALD BLUE",KELUAR!$D:$D,"12")+SUMIFS(MASUK!$E:$E,MASUK!$B:$B,"JANGGAN PANJANG",MASUK!$C:$C,"EMERALD BLUE",MASUK!$D:$D,"12")+SO!M59 -> 0 | N57: =-SUMIFS(KELUAR!$E:$E,KELUAR!$B:$B,"JANGGAN PANJANG",KELUAR!$C:$C,"MAHOGANY",KELUAR!$D:$D,"14")+SUMIFS(MASUK!$E:$E,MASUK!$B:$B,"JANGGAN PANJANG",MASUK!$C:$C,"MAHOGANY",MASUK!$D:$D,"14")+SO!N59 -> 0 | O57: =SUM(J57:L57) -> 0
J58: =-SUMIFS(KELUAR!$E:$E,KELUAR!$B:$B,"JANGGAN PANJANG",KELUAR!$C:$C,"SAGE",KELUAR!$D:$D,"6")+SUMIFS(MASUK!$E:$E,MASUK!$B:$B,"JANGGAN PANJANG",MASUK!$C:$C,"SAGE",MASUK!$D:$D,"6")+SO!J61 -> 0 | K58: =-SUMIFS(KELUAR!$E:$E,KELUAR!$B:$B,"JANGGAN PANJANG",KELUAR!$C:$C,"SAGE",KELUAR!$D:$D,"8")+SUMIFS(MASUK!$E:$E,MASUK!$B:$B,"JANGGAN PANJANG",MASUK!$C:$C,"SAGE",MASUK!$D:$D,"8")+SO!K61 -> 0 | L58: =-SUMIFS(KELUAR!$E:$E,KELUAR!$B:$B,"JANGGAN PANJANG",KELUAR!$C:$C,"SAGE",KELUAR!$D:$D,"10")+SUMIFS(MASUK!$E:$E,MASUK!$B:$B,"JANGGAN PANJANG",MASUK!$C:$C,"SAGE",MASUK!$D:$D,"10")+SO!L61 -> 0 | M58: =-SUMIFS(KELUAR!$E:$E,KELUAR!$B:$B,"JANGGAN PANJANG",KELUAR!$C:$C,"SAGE",KELUAR!$D:$D,"12")+SUMIFS(MASUK!$E:$E,MASUK!$B:$B,"JANGGAN PANJANG",MASUK!$C:$C,"SAGE",MASUK!$D:$D,"12")+SO!M61 -> 0 | N58: =-SUMIFS(KELUAR!$E:$E,KELUAR!$B:$B,"JANGGAN PANJANG",KELUAR!$C:$C,"MAHOGANY",KELUAR!$D:$D,"14")+SUMIFS(MASUK!$E:$E,MASUK!$B:$B,"JANGGAN PANJANG",MASUK!$C:$C,"MAHOGANY",MASUK!$D:$D,"14")+SO!N60 -> 0 | O58: =SUM(J58:L58) -> 0
J59: =-SUMIFS(KELUAR!$E:$E,KELUAR!$B:$B,"JANGGAN PANJANG",KELUAR!$C:$C,"SAGE",KELUAR!$D:$D,"6")+SUMIFS(MASUK!$E:$E,MASUK!$B:$B,"JANGGAN PANJANG",MASUK!$C:$C,"SAGE",MASUK!$D:$D,"6")+SO!J62 -> 0 | K59: =-SUMIFS(KELUAR!$E:$E,KELUAR!$B:$B,"JANGGAN PANJANG",KELUAR!$C:$C,"SAGE",KELUAR!$D:$D,"8")+SUMIFS(MASUK!$E:$E,MASUK!$B:$B,"JANGGAN PANJANG",MASUK!$C:$C,"SAGE",MASUK!$D:$D,"8")+SO!K62 -> 0 | L59: =-SUMIFS(KELUAR!$E:$E,KELUAR!$B:$B,"JANGGAN PANJANG",KELUAR!$C:$C,"SAGE",KELUAR!$D:$D,"10")+SUMIFS(MASUK!$E:$E,MASUK!$B:$B,"JANGGAN PANJANG",MASUK!$C:$C,"SAGE",MASUK!$D:$D,"10")+SO!L62 -> 0 | M59: =-SUMIFS(KELUAR!$E:$E,KELUAR!$B:$B,"JANGGAN PANJANG",KELUAR!$C:$C,"SAGE",KELUAR!$D:$D,"12")+SUMIFS(MASUK!$E:$E,MASUK!$B:$B,"JANGGAN PANJANG",MASUK!$C:$C,"SAGE",MASUK!$D:$D,"12")+SO!M62 -> 0 | N59: =-SUMIFS(KELUAR!$E:$E,KELUAR!$B:$B,"JANGGAN PANJANG",KELUAR!$C:$C,"MAHOGANY",KELUAR!$D:$D,"14")+SUMIFS(MASUK!$E:$E,MASUK!$B:$B,"JANGGAN PANJANG",MASUK!$C:$C,"MAHOGANY",MASUK!$D:$D,"14")+SO!N61 -> 0 | O59: =SUM(J59:L59) -> 0
N60: JUMLAH | O60: =SUBTOTAL(9,O44:O59) -> 0
I64: GOTIK | P64: TOTAL
I65: WARNA | J65: 4 | K65: 6 | L65: 8 | M65: 10 | N65: 12 | O65: 14
I66: MAHOGANY | J66: =-SUMIFS(KELUAR!$E:$E,KELUAR!$B:$B,"GOTIK",KELUAR!$C:$C,"MAHOGANY",KELUAR!$D:$D,"4")+SUMIFS(MASUK!$E:$E,MASUK!$B:$B,"GOTIK",MASUK!$C:$C,"MAHOGANY",MASUK!$D:$D,"4")+SO!J69 -> 0 | K66: =-SUMIFS(KELUAR!$E:$E,KELUAR!$B:$B,"GOTIK",KELUAR!$C:$C,"MAHOGANY",KELUAR!$D:$D,"6")+SUMIFS(MASUK!$E:$E,MASUK!$B:$B,"GOTIK",MASUK!$C:$C,"MAHOGANY",MASUK!$D:$D,"6")+SO!K69 -> 0 | L66: =-SUMIFS(KELUAR!$E:$E,KELUAR!$B:$B,"GOTIK",KELUAR!$C:$C,"MAHOGANY",KELUAR!$D:$D,"8")+SUMIFS(MASUK!$E:$E,MASUK!$B:$B,"GOTIK",MASUK!$C:$C,"MAHOGANY",MASUK!$D:$D,"8")+SO!L69 -> 0 | M66: =-SUMIFS(KELUAR!$E:$E,KELUAR!$B:$B,"GOTIK",KELUAR!$C:$C,"MAHOGANY",KELUAR!$D:$D,"10")+SUMIFS(MASUK!$E:$E,MASUK!$B:$B,"GOTIK",MASUK!$C:$C,"MAHOGANY",MASUK!$D:$D,"10")+SO!M69 -> 0 | N66: =-SUMIFS(KELUAR!$E:$E,KELUAR!$B:$B,"GOTIK",KELUAR!$C:$C,"MAHOGANY",KELUAR!$D:$D,"12")+SUMIFS(MASUK!$E:$E,MASUK!$B:$B,"GOTIK",MASUK!$C:$C,"MAHOGANY",MASUK!$D:$D,"12")+SO!N69 -> 0 | O66: =-SUMIFS(KELUAR!$E:$E,KELUAR!$B:$B,"GOTIK",KELUAR!$C:$C,"MAHOGANY",KELUAR!$D:$D,"14")+SUMIFS(MASUK!$E:$E,MASUK!$B:$B,"GOTIK",MASUK!$C:$C,"MAHOGANY",MASUK!$D:$D,"14")+SO!O69 -> 0 | P66: =SUM(J66:O66) -> 0
I67: BURGUNDY | J67: =-SUMIFS(KELUAR!$E:$E,KELUAR!$B:$B,"GOTIK",KELUAR!$C:$C,"BURGUNDY",KELUAR!$D:$D,"4")+SUMIFS(MASUK!$E:$E,MASUK!$B:$B,"GOTIK",MASUK!$C:$C,"BURGUNDY",MASUK!$D:$D,"4")+SO!J70 -> 0 | K67: =-SUMIFS(KELUAR!$E:$E,KELUAR!$B:$B,"GOTIK",KELUAR!$C:$C,"BURGUNDY",KELUAR!$D:$D,"6")+SUMIFS(MASUK!$E:$E,MASUK!$B:$B,"GOTIK",MASUK!$C:$C,"BURGUNDY",MASUK!$D:$D,"6")+SO!K70 -> 0 | L67: =-SUMIFS(KELUAR!$E:$E,KELUAR!$B:$B,"GOTIK",KELUAR!$C:$C,"BURGUNDY",KELUAR!$D:$D,"8")+SUMIFS(MASUK!$E:$E,MASUK!$B:$B,"GOTIK",MASUK!$C:$C,"BURGUNDY",MASUK!$D:$D,"8")+SO!L70 -> 0 | M67: =-SUMIFS(KELUAR!$E:$E,KELUAR!$B:$B,"GOTIK",KELUAR!$C:$C,"BURGUNDY",KELUAR!$D:$D,"10")+SUMIFS(MASUK!$E:$E,MASUK!$B:$B,"GOTIK",MASUK!$C:$C,"BURGUNDY",MASUK!$D:$D,"10")+SO!M70 -> 0 | N67: =-SUMIFS(KELUAR!$E:$E,KELUAR!$B:$B,"GOTIK",KELUAR!$C:$C,"BURGUNDY",KELUAR!$D:$D,"12")+SUMIFS(MASUK!$E:$E,MASUK!$B:$B,"GOTIK",MASUK!$C:$C,"BURGUNDY",MASUK!$D:$D,"12")+SO!N70 -> 0 | O67: =-SUMIFS(KELUAR!$E:$E,KELUAR!$B:$B,"GOTIK",KELUAR!$C:$C,"BURGUNDY",KELUAR!$D:$D,"14")+SUMIFS(MASUK!$E:$E,MASUK!$B:$B,"GOTIK",MASUK!$C:$C,"BURGUNDY",MASUK!$D:$D,"14")+SO!O70 -> 0 | P67: =SUM(J67:O67) -> 0
I68: DENIM | J68: =-SUMIFS(KELUAR!$E:$E,KELUAR!$B:$B,"GOTIK",KELUAR!$C:$C,"DENIM",KELUAR!$D:$D,"4")+SUMIFS(MASUK!$E:$E,MASUK!$B:$B,"GOTIK",MASUK!$C:$C,"DENIM",MASUK!$D:$D,"4")+SO!J71 -> 0 | K68: =-SUMIFS(KELUAR!$E:$E,KELUAR!$B:$B,"GOTIK",KELUAR!$C:$C,"DENIM",KELUAR!$D:$D,"6")+SUMIFS(MASUK!$E:$E,MASUK!$B:$B,"GOTIK",MASUK!$C:$C,"DENIM",MASUK!$D:$D,"6")+SO!K71 -> 0 | L68: =-SUMIFS(KELUAR!$E:$E,KELUAR!$B:$B,"GOTIK",KELUAR!$C:$C,"DENIM",KELUAR!$D:$D,"8")+SUMIFS(MASUK!$E:$E,MASUK!$B:$B,"GOTIK",MASUK!$C:$C,"DENIM",MASUK!$D:$D,"8")+SO!L71 -> 0 | M68: =-SUMIFS(KELUAR!$E:$E,KELUAR!$B:$B,"GOTIK",KELUAR!$C:$C,"DENIM",KELUAR!$D:$D,"10")+SUMIFS(MASUK!$E:$E,MASUK!$B:$B,"GOTIK",MASUK!$C:$C,"DENIM",MASUK!$D:$D,"10")+SO!M71 -> 0 | N68: =-SUMIFS(KELUAR!$E:$E,KELUAR!$B:$B,"GOTIK",KELUAR!$C:$C,"DENIM",KELUAR!$D:$D,"12")+SUMIFS(MASUK!$E:$E,MASUK!$B:$B,"GOTIK",MASUK!$C:$C,"DENIM",MASUK!$D:$D,"12")+SO!N71 -> 0 | O68: =-SUMIFS(KELUAR!$E:$E,KELUAR!$B:$B,"GOTIK",KELUAR!$C:$C,"DENIM",KELUAR!$D:$D,"14")+SUMIFS(MASUK!$E:$E,MASUK!$B:$B,"GOTIK",MASUK!$C:$C,"DENIM",MASUK!$D:$D,"14")+SO!O71 -> 0 | P68: =SUM(J68:O68) -> 0
I69: COKSU | J69: =-SUMIFS(KELUAR!$E:$E,KELUAR!$B:$B,"GOTIK",KELUAR!$C:$C,"COKSU",KELUAR!$D:$D,"4")+SUMIFS(MASUK!$E:$E,MASUK!$B:$B,"GOTIK",MASUK!$C:$C,"COKSU",MASUK!$D:$D,"4")+SO!J72 -> 0 | K69: =-SUMIFS(KELUAR!$E:$E,KELUAR!$B:$B,"GOTIK",KELUAR!$C:$C,"COKSU",KELUAR!$D:$D,"6")+SUMIFS(MASUK!$E:$E,MASUK!$B:$B,"GOTIK",MASUK!$C:$C,"COKSU",MASUK!$D:$D,"6")+SO!K72 -> 0 | L69: =-SUMIFS(KELUAR!$E:$E,KELUAR!$B:$B,"GOTIK",KELUAR!$C:$C,"COKSU",KELUAR!$D:$D,"8")+SUMIFS(MASUK!$E:$E,MASUK!$B:$B,"GOTIK",MASUK!$C:$C,"COKSU",MASUK!$D:$D,"8")+SO!L72 -> 0 | M69: =-SUMIFS(KELUAR!$E:$E,KELUAR!$B:$B,"GOTIK",KELUAR!$C:$C,"COKSU",KELUAR!$D:$D,"10")+SUMIFS(MASUK!$E:$E,MASUK!$B:$B,"GOTIK",MASUK!$C:$C,"COKSU",MASUK!$D:$D,"10")+SO!M72 -> 0 | N69: =-SUMIFS(KELUAR!$E:$E,KELUAR!$B:$B,"GOTIK",KELUAR!$C:$C,"COKSU",KELUAR!$D:$D,"12")+SUMIFS(MASUK!$E:$E,MASUK!$B:$B,"GOTIK",MASUK!$C:$C,"COKSU",MASUK!$D:$D,"12")+SO!N72 -> 0 | O69: =-SUMIFS(KELUAR!$E:$E,KELUAR!$B:$B,"GOTIK",KELUAR!$C:$C,"COKSU",KELUAR!$D:$D,"14")+SUMIFS(MASUK!$E:$E,MASUK!$B:$B,"GOTIK",MASUK!$C:$C,"COKSU",MASUK!$D:$D,"14")+SO!O72 -> 0 | P69: =SUM(J69:O69) -> 0
I70: NAVY | J70: =-SUMIFS(KELUAR!$E:$E,KELUAR!$B:$B,"GOTIK",KELUAR!$C:$C,"NAVY",KELUAR!$D:$D,"4")+SUMIFS(MASUK!$E:$E,MASUK!$B:$B,"GOTIK",MASUK!$C:$C,"NAVY",MASUK!$D:$D,"4")+SO!J73 -> 0 | K70: =-SUMIFS(KELUAR!$E:$E,KELUAR!$B:$B,"GOTIK",KELUAR!$C:$C,"NAVY",KELUAR!$D:$D,"6")+SUMIFS(MASUK!$E:$E,MASUK!$B:$B,"GOTIK",MASUK!$C:$C,"NAVY",MASUK!$D:$D,"6")+SO!K73 -> 0 | L70: =-SUMIFS(KELUAR!$E:$E,KELUAR!$B:$B,"GOTIK",KELUAR!$C:$C,"NAVY",KELUAR!$D:$D,"8")+SUMIFS(MASUK!$E:$E,MASUK!$B:$B,"GOTIK",MASUK!$C:$C,"NAVY",MASUK!$D:$D,"8")+SO!L73 -> 0 | M70: =-SUMIFS(KELUAR!$E:$E,KELUAR!$B:$B,"GOTIK",KELUAR!$C:$C,"NAVY",KELUAR!$D:$D,"10")+SUMIFS(MASUK!$E:$E,MASUK!$B:$B,"GOTIK",MASUK!$C:$C,"NAVY",MASUK!$D:$D,"10")+SO!M73 -> 0 | N70: =-SUMIFS(KELUAR!$E:$E,KELUAR!$B:$B,"GOTIK",KELUAR!$C:$C,"NAVY",KELUAR!$D:$D,"12")+SUMIFS(MASUK!$E:$E,MASUK!$B:$B,"GOTIK",MASUK!$C:$C,"NAVY",MASUK!$D:$D,"12")+SO!N73 -> 0 | O70: =-SUMIFS(KELUAR!$E:$E,KELUAR!$B:$B,"GOTIK",KELUAR!$C:$C,"NAVY",KELUAR!$D:$D,"14")+SUMIFS(MASUK!$E:$E,MASUK!$B:$B,"GOTIK",MASUK!$C:$C,"NAVY",MASUK!$D:$D,"14")+SO!O73 -> 0 | P70: =SUM(J70:O70) -> 0
I71: HITAM | J71: =-SUMIFS(KELUAR!$E:$E,KELUAR!$B:$B,"GOTIK",KELUAR!$C:$C,"HITAM",KELUAR!$D:$D,"4")+SUMIFS(MASUK!$E:$E,MASUK!$B:$B,"GOTIK",MASUK!$C:$C,"HITAM",MASUK!$D:$D,"4")+SO!J74 -> 0 | K71: =-SUMIFS(KELUAR!$E:$E,KELUAR!$B:$B,"GOTIK",KELUAR!$C:$C,"HITAM",KELUAR!$D:$D,"6")+SUMIFS(MASUK!$E:$E,MASUK!$B:$B,"GOTIK",MASUK!$C:$C,"HITAM",MASUK!$D:$D,"6")+SO!K74 -> 0 | L71: =-SUMIFS(KELUAR!$E:$E,KELUAR!$B:$B,"GOTIK",KELUAR!$C:$C,"HITAM",KELUAR!$D:$D,"8")+SUMIFS(MASUK!$E:$E,MASUK!$B:$B,"GOTIK",MASUK!$C:$C,"HITAM",MASUK!$D:$D,"8")+SO!L74 -> 0 | M71: =-SUMIFS(KELUAR!$E:$E,KELUAR!$B:$B,"GOTIK",KELUAR!$C:$C,"HITAM",KELUAR!$D:$D,"10")+SUMIFS(MASUK!$E:$E,MASUK!$B:$B,"GOTIK",MASUK!$C:$C,"HITAM",MASUK!$D:$D,"10")+SO!M74 -> 0 | N71: =-SUMIFS(KELUAR!$E:$E,KELUAR!$B:$B,"GOTIK",KELUAR!$C:$C,"HITAM",KELUAR!$D:$D,"12")+SUMIFS(MASUK!$E:$E,MASUK!$B:$B,"GOTIK",MASUK!$C:$C,"HITAM",MASUK!$D:$D,"12")+SO!N74 -> 0 | O71: =-SUMIFS(KELUAR!$E:$E,KELUAR!$B:$B,"GOTIK",KELUAR!$C:$C,"HITAM",KELUAR!$D:$D,"14")+SUMIFS(MASUK!$E:$E,MASUK!$B:$B,"GOTIK",MASUK!$C:$C,"HITAM",MASUK!$D:$D,"14")+SO!O74 -> 0 | P71: =SUM(J71:O71) -> 0
I72: DUSTY | J72: =-SUMIFS(KELUAR!$E:$E,KELUAR!$B:$B,"GOTIK",KELUAR!$C:$C,"DUSTY",KELUAR!$D:$D,"4")+SUMIFS(MASUK!$E:$E,MASUK!$B:$B,"GOTIK",MASUK!$C:$C,"DUSTY",MASUK!$D:$D,"4")+SO!J75 -> 0 | K72: =-SUMIFS(KELUAR!$E:$E,KELUAR!$B:$B,"GOTIK",KELUAR!$C:$C,"DUSTY",KELUAR!$D:$D,"6")+SUMIFS(MASUK!$E:$E,MASUK!$B:$B,"GOTIK",MASUK!$C:$C,"DUSTY",MASUK!$D:$D,"6")+SO!K75 -> 0 | L72: =-SUMIFS(KELUAR!$E:$E,KELUAR!$B:$B,"GOTIK",KELUAR!$C:$C,"DUSTY",KELUAR!$D:$D,"8")+SUMIFS(MASUK!$E:$E,MASUK!$B:$B,"GOTIK",MASUK!$C:$C,"DUSTY",MASUK!$D:$D,"8")+SO!L75 -> 0 | M72: =-SUMIFS(KELUAR!$E:$E,KELUAR!$B:$B,"GOTIK",KELUAR!$C:$C,"DUSTY",KELUAR!$D:$D,"10")+SUMIFS(MASUK!$E:$E,MASUK!$B:$B,"GOTIK",MASUK!$C:$C,"DUSTY",MASUK!$D:$D,"10")+SO!M75 -> 0 | N72: =-SUMIFS(KELUAR!$E:$E,KELUAR!$B:$B,"GOTIK",KELUAR!$C:$C,"DUSTY",KELUAR!$D:$D,"12")+SUMIFS(MASUK!$E:$E,MASUK!$B:$B,"GOTIK",MASUK!$C:$C,"DUSTY",MASUK!$D:$D,"12")+SO!N75 -> 0 | O72: =-SUMIFS(KELUAR!$E:$E,KELUAR!$B:$B,"GOTIK",KELUAR!$C:$C,"DUSTY",KELUAR!$D:$D,"14")+SUMIFS(MASUK!$E:$E,MASUK!$B:$B,"GOTIK",MASUK!$C:$C,"DUSTY",MASUK!$D:$D,"14")+SO!O75 -> 0 | P72: =SUM(J72:O72) -> 0
I73: BABYBLUE | J73: =-SUMIFS(KELUAR!$E:$E,KELUAR!$B:$B,"GOTIK",KELUAR!$C:$C,"BABYBLUE",KELUAR!$D:$D,"4")+SUMIFS(MASUK!$E:$E,MASUK!$B:$B,"GOTIK",MASUK!$C:$C,"BABYBLUE",MASUK!$D:$D,"4")+SO!J76 -> 0 | K73: =-SUMIFS(KELUAR!$E:$E,KELUAR!$B:$B,"GOTIK",KELUAR!$C:$C,"BABYBLUE",KELUAR!$D:$D,"6")+SUMIFS(MASUK!$E:$E,MASUK!$B:$B,"GOTIK",MASUK!$C:$C,"BABYBLUE",MASUK!$D:$D,"6")+SO!K76 -> 0 | L73: =-SUMIFS(KELUAR!$E:$E,KELUAR!$B:$B,"GOTIK",KELUAR!$C:$C,"BABYBLUE",KELUAR!$D:$D,"8")+SUMIFS(MASUK!$E:$E,MASUK!$B:$B,"GOTIK",MASUK!$C:$C,"BABYBLUE",MASUK!$D:$D,"8")+SO!L76 -> 0 | M73: =-SUMIFS(KELUAR!$E:$E,KELUAR!$B:$B,"GOTIK",KELUAR!$C:$C,"BABYBLUE",KELUAR!$D:$D,"10")+SUMIFS(MASUK!$E:$E,MASUK!$B:$B,"GOTIK",MASUK!$C:$C,"BABYBLUE",MASUK!$D:$D,"10")+SO!M76 -> 0 | N73: =-SUMIFS(KELUAR!$E:$E,KELUAR!$B:$B,"GOTIK",KELUAR!$C:$C,"BABYBLUE",KELUAR!$D:$D,"12")+SUMIFS(MASUK!$E:$E,MASUK!$B:$B,"GOTIK",MASUK!$C:$C,"BABYBLUE",MASUK!$D:$D,"12")+SO!N76 -> 0 | O73: =-SUMIFS(KELUAR!$E:$E,KELUAR!$B:$B,"GOTIK",KELUAR!$C:$C,"BABYBLUE",KELUAR!$D:$D,"14")+SUMIFS(MASUK!$E:$E,MASUK!$B:$B,"GOTIK",MASUK!$C:$C,"BABYBLUE",MASUK!$D:$D,"14")+SO!O76 -> 0 | P73: =SUM(J73:O73) -> 0
I74: MAROON | J74: =-SUMIFS(KELUAR!$E:$E,KELUAR!$B:$B,"GOTIK",KELUAR!$C:$C,"MAROON",KELUAR!$D:$D,"4")+SUMIFS(MASUK!$E:$E,MASUK!$B:$B,"GOTIK",MASUK!$C:$C,"MAROON",MASUK!$D:$D,"4")+SO!J77 -> 0 | K74: =-SUMIFS(KELUAR!$E:$E,KELUAR!$B:$B,"GOTIK",KELUAR!$C:$C,"MAROON",KELUAR!$D:$D,"6")+SUMIFS(MASUK!$E:$E,MASUK!$B:$B,"GOTIK",MASUK!$C:$C,"MAROON",MASUK!$D:$D,"6")+SO!K77 -> 0 | L74: =-SUMIFS(KELUAR!$E:$E,KELUAR!$B:$B,"GOTIK",KELUAR!$C:$C,"MAROON",KELUAR!$D:$D,"8")+SUMIFS(MASUK!$E:$E,MASUK!$B:$B,"GOTIK",MASUK!$C:$C,"MAROON",MASUK!$D:$D,"8")+SO!L77 -> 0 | M74: =-SUMIFS(KELUAR!$E:$E,KELUAR!$B:$B,"GOTIK",KELUAR!$C:$C,"MAROON",KELUAR!$D:$D,"10")+SUMIFS(MASUK!$E:$E,MASUK!$B:$B,"GOTIK",MASUK!$C:$C,"MAROON",MASUK!$D:$D,"10")+SO!M77 -> 0 | N74: =-SUMIFS(KELUAR!$E:$E,KELUAR!$B:$B,"GOTIK",KELUAR!$C:$C,"MAROON",KELUAR!$D:$D,"12")+SUMIFS(MASUK!$E:$E,MASUK!$B:$B,"GOTIK",MASUK!$C:$C,"MAROON",MASUK!$D:$D,"12")+SO!N77 -> 0 | O74: =-SUMIFS(KELUAR!$E:$E,KELUAR!$B:$B,"GOTIK",KELUAR!$C:$C,"MAROON",KELUAR!$D:$D,"14")+SUMIFS(MASUK!$E:$E,MASUK!$B:$B,"GOTIK",MASUK!$C:$C,"MAROON",MASUK!$D:$D,"14")+SO!O77 -> 0 | P74: =SUM(J74:O74) -> 0
I75: GOLD | J75: =-SUMIFS(KELUAR!$E:$E,KELUAR!$B:$B,"GOTIK",KELUAR!$C:$C,"GOLD",KELUAR!$D:$D,"4")+SUMIFS(MASUK!$E:$E,MASUK!$B:$B,"GOTIK",MASUK!$C:$C,"GOLD",MASUK!$D:$D,"4")+SO!J78 -> 0 | K75: =-SUMIFS(KELUAR!$E:$E,KELUAR!$B:$B,"GOTIK",KELUAR!$C:$C,"GOLD",KELUAR!$D:$D,"6")+SUMIFS(MASUK!$E:$E,MASUK!$B:$B,"GOTIK",MASUK!$C:$C,"GOLD",MASUK!$D:$D,"6")+SO!K78 -> 0 | L75: =-SUMIFS(KELUAR!$E:$E,KELUAR!$B:$B,"GOTIK",KELUAR!$C:$C,"GOLD",KELUAR!$D:$D,"8")+SUMIFS(MASUK!$E:$E,MASUK!$B:$B,"GOTIK",MASUK!$C:$C,"GOLD",MASUK!$D:$D,"8")+SO!L78 -> 0 | M75: =-SUMIFS(KELUAR!$E:$E,KELUAR!$B:$B,"GOTIK",KELUAR!$C:$C,"GOLD",KELUAR!$D:$D,"10")+SUMIFS(MASUK!$E:$E,MASUK!$B:$B,"GOTIK",MASUK!$C:$C,"GOLD",MASUK!$D:$D,"10")+SO!M78 -> 0 | N75: =-SUMIFS(KELUAR!$E:$E,KELUAR!$B:$B,"GOTIK",KELUAR!$C:$C,"GOLD",KELUAR!$D:$D,"12")+SUMIFS(MASUK!$E:$E,MASUK!$B:$B,"GOTIK",MASUK!$C:$C,"GOLD",MASUK!$D:$D,"12")+SO!N78 -> 0 | O75: =-SUMIFS(KELUAR!$E:$E,KELUAR!$B:$B,"GOTIK",KELUAR!$C:$C,"GOLD",KELUAR!$D:$D,"14")+SUMIFS(MASUK!$E:$E,MASUK!$B:$B,"GOTIK",MASUK!$C:$C,"GOLD",MASUK!$D:$D,"14")+SO!O78 -> 0 | P75: =SUM(J75:O75) -> 0
I76: SAGE | J76: =-SUMIFS(KELUAR!$E:$E,KELUAR!$B:$B,"GOTIK",KELUAR!$C:$C,"sage",KELUAR!$D:$D,"4")+SUMIFS(MASUK!$E:$E,MASUK!$B:$B,"GOTIK",MASUK!$C:$C,"sage",MASUK!$D:$D,"4")+SO!J79 -> 0 | K76: =-SUMIFS(KELUAR!$E:$E,KELUAR!$B:$B,"GOTIK",KELUAR!$C:$C,"sage",KELUAR!$D:$D,"6")+SUMIFS(MASUK!$E:$E,MASUK!$B:$B,"GOTIK",MASUK!$C:$C,"sage",MASUK!$D:$D,"6")+SO!K79 -> 0 | L76: =-SUMIFS(KELUAR!$E:$E,KELUAR!$B:$B,"GOTIK",KELUAR!$C:$C,"sage",KELUAR!$D:$D,"8")+SUMIFS(MASUK!$E:$E,MASUK!$B:$B,"GOTIK",MASUK!$C:$C,"sage",MASUK!$D:$D,"8")+SO!L79 -> 0 | M76: =-SUMIFS(KELUAR!$E:$E,KELUAR!$B:$B,"GOTIK",KELUAR!$C:$C,"sage",KELUAR!$D:$D,"10")+SUMIFS(MASUK!$E:$E,MASUK!$B:$B,"GOTIK",MASUK!$C:$C,"sage",MASUK!$D:$D,"10")+SO!M79 -> 0 | N76: =-SUMIFS(KELUAR!$E:$E,KELUAR!$B:$B,"GOTIK",KELUAR!$C:$C,"sage",KELUAR!$D:$D,"12")+SUMIFS(MASUK!$E:$E,MASUK!$B:$B,"GOTIK",MASUK!$C:$C,"sage",MASUK!$D:$D,"12")+SO!N79 -> 0 | O76: =-SUMIFS(KELUAR!$E:$E,KELUAR!$B:$B,"GOTIK",KELUAR!$C:$C,"sage",KELUAR!$D:$D,"14")+SUMIFS(MASUK!$E:$E,MASUK!$B:$B,"GOTIK",MASUK!$C:$C,"sage",MASUK!$D:$D,"14")+SO!O79 -> 0 | P76: =SUM(J76:O76) -> 0
I77: EMERALD BLUE | J77: =-SUMIFS(KELUAR!$E:$E,KELUAR!$B:$B,"GOTIK",KELUAR!$C:$C,"emerald blue",KELUAR!$D:$D,"4")+SUMIFS(MASUK!$E:$E,MASUK!$B:$B,"GOTIK",MASUK!$C:$C,"emerald blue",MASUK!$D:$D,"4")+SO!J80 -> 0 | K77: =-SUMIFS(KELUAR!$E:$E,KELUAR!$B:$B,"GOTIK",KELUAR!$C:$C,"emerald blue",KELUAR!$D:$D,"6")+SUMIFS(MASUK!$E:$E,MASUK!$B:$B,"GOTIK",MASUK!$C:$C,"emerald blue",MASUK!$D:$D,"6")+SO!K80 -> 0 | L77: =-SUMIFS(KELUAR!$E:$E,KELUAR!$B:$B,"GOTIK",KELUAR!$C:$C,"emerald blue",KELUAR!$D:$D,"8")+SUMIFS(MASUK!$E:$E,MASUK!$B:$B,"GOTIK",MASUK!$C:$C,"emerald blue",MASUK!$D:$D,"8")+SO!L80 -> 0 | M77: =-SUMIFS(KELUAR!$E:$E,KELUAR!$B:$B,"GOTIK",KELUAR!$C:$C,"emerald blue",KELUAR!$D:$D,"10")+SUMIFS(MASUK!$E:$E,MASUK!$B:$B,"GOTIK",MASUK!$C:$C,"emerald blue",MASUK!$D:$D,"10")+SO!M80 -> 0 | N77: =-SUMIFS(KELUAR!$E:$E,KELUAR!$B:$B,"GOTIK",KELUAR!$C:$C,"emerald blue",KELUAR!$D:$D,"12")+SUMIFS(MASUK!$E:$E,MASUK!$B:$B,"GOTIK",MASUK!$C:$C,"emerald blue",MASUK!$D:$D,"12")+SO!N80 -> 0 | O77: =-SUMIFS(KELUAR!$E:$E,KELUAR!$B:$B,"GOTIK",KELUAR!$C:$C,"emerald blue",KELUAR!$D:$D,"14")+SUMIFS(MASUK!$E:$E,MASUK!$B:$B,"GOTIK",MASUK!$C:$C,"emerald blue",MASUK!$D:$D,"14")+SO!O80 -> 0 | P77: =SUM(J77:O77) -> 0
I78: SILVER | J78: =-SUMIFS(KELUAR!$E:$E,KELUAR!$B:$B,"GOTIK",KELUAR!$C:$C,"silver",KELUAR!$D:$D,"4")+SUMIFS(MASUK!$E:$E,MASUK!$B:$B,"GOTIK",MASUK!$C:$C,"silver",MASUK!$D:$D,"4")+SO!J81 -> 0 | K78: =-SUMIFS(KELUAR!$E:$E,KELUAR!$B:$B,"GOTIK",KELUAR!$C:$C,"silver",KELUAR!$D:$D,"6")+SUMIFS(MASUK!$E:$E,MASUK!$B:$B,"GOTIK",MASUK!$C:$C,"silver",MASUK!$D:$D,"6")+SO!K81 -> 0 | L78: =-SUMIFS(KELUAR!$E:$E,KELUAR!$B:$B,"GOTIK",KELUAR!$C:$C,"silver",KELUAR!$D:$D,"8")+SUMIFS(MASUK!$E:$E,MASUK!$B:$B,"GOTIK",MASUK!$C:$C,"silver",MASUK!$D:$D,"8")+SO!L81 -> 0 | M78: =-SUMIFS(KELUAR!$E:$E,KELUAR!$B:$B,"GOTIK",KELUAR!$C:$C,"silver",KELUAR!$D:$D,"10")+SUMIFS(MASUK!$E:$E,MASUK!$B:$B,"GOTIK",MASUK!$C:$C,"silver",MASUK!$D:$D,"10")+SO!M81 -> 0 | N78: =-SUMIFS(KELUAR!$E:$E,KELUAR!$B:$B,"GOTIK",KELUAR!$C:$C,"silver",KELUAR!$D:$D,"12")+SUMIFS(MASUK!$E:$E,MASUK!$B:$B,"GOTIK",MASUK!$C:$C,"silver",MASUK!$D:$D,"12")+SO!N81 -> 0 | O78: =-SUMIFS(KELUAR!$E:$E,KELUAR!$B:$B,"GOTIK",KELUAR!$C:$C,"silver",KELUAR!$D:$D,"14")+SUMIFS(MASUK!$E:$E,MASUK!$B:$B,"GOTIK",MASUK!$C:$C,"silver",MASUK!$D:$D,"14")+SO!O81 -> 0 | P78: =SUM(J78:O78) -> 0
I79: BUTTER YELLOW | J79: =-SUMIFS(KELUAR!$E:$E,KELUAR!$B:$B,"GOTIK",KELUAR!$C:$C,"butter yellow",KELUAR!$D:$D,"4")+SUMIFS(MASUK!$E:$E,MASUK!$B:$B,"GOTIK",MASUK!$C:$C,"butter yellow",MASUK!$D:$D,"4")+SO!J82 -> 0 | K79: =-SUMIFS(KELUAR!$E:$E,KELUAR!$B:$B,"GOTIK",KELUAR!$C:$C,"butter yellow",KELUAR!$D:$D,"6")+SUMIFS(MASUK!$E:$E,MASUK!$B:$B,"GOTIK",MASUK!$C:$C,"butter yellow",MASUK!$D:$D,"6")+SO!K82 -> 0 | L79: =-SUMIFS(KELUAR!$E:$E,KELUAR!$B:$B,"GOTIK",KELUAR!$C:$C,"butter yellow",KELUAR!$D:$D,"8")+SUMIFS(MASUK!$E:$E,MASUK!$B:$B,"GOTIK",MASUK!$C:$C,"butter yellow",MASUK!$D:$D,"8")+SO!L82 -> 0 | M79: =-SUMIFS(KELUAR!$E:$E,KELUAR!$B:$B,"GOTIK",KELUAR!$C:$C,"butter yellow",KELUAR!$D:$D,"10")+SUMIFS(MASUK!$E:$E,MASUK!$B:$B,"GOTIK",MASUK!$C:$C,"butter yellow",MASUK!$D:$D,"10")+SO!M82 -> 0 | N79: =-SUMIFS(KELUAR!$E:$E,KELUAR!$B:$B,"GOTIK",KELUAR!$C:$C,"butter yellow",KELUAR!$D:$D,"12")+SUMIFS(MASUK!$E:$E,MASUK!$B:$B,"GOTIK",MASUK!$C:$C,"butter yellow",MASUK!$D:$D,"12")+SO!N82 -> 0 | O79: =-SUMIFS(KELUAR!$E:$E,KELUAR!$B:$B,"GOTIK",KELUAR!$C:$C,"butter yellow",KELUAR!$D:$D,"14")+SUMIFS(MASUK!$E:$E,MASUK!$B:$B,"GOTIK",MASUK!$C:$C,"butter yellow",MASUK!$D:$D,"14")+SO!O82 -> 0 | P79: =SUM(J79:O79) -> 0
J80: =-SUMIFS(KELUAR!$E:$E,KELUAR!$B:$B,"GOTIK",KELUAR!$C:$C,"butter yellow",KELUAR!$D:$D,"4")+SUMIFS(MASUK!$E:$E,MASUK!$B:$B,"GOTIK",MASUK!$C:$C,"butter yellow",MASUK!$D:$D,"4")+SO!J83 -> 0 | K80: =-SUMIFS(KELUAR!$E:$E,KELUAR!$B:$B,"GOTIK",KELUAR!$C:$C,"butter yellow",KELUAR!$D:$D,"6")+SUMIFS(MASUK!$E:$E,MASUK!$B:$B,"GOTIK",MASUK!$C:$C,"butter yellow",MASUK!$D:$D,"6")+SO!K83 -> 0 | L80: =-SUMIFS(KELUAR!$E:$E,KELUAR!$B:$B,"GOTIK",KELUAR!$C:$C,"butter yellow",KELUAR!$D:$D,"8")+SUMIFS(MASUK!$E:$E,MASUK!$B:$B,"GOTIK",MASUK!$C:$C,"butter yellow",MASUK!$D:$D,"8")+SO!L83 -> 0 | M80: =-SUMIFS(KELUAR!$E:$E,KELUAR!$B:$B,"GOTIK",KELUAR!$C:$C,"butter yellow",KELUAR!$D:$D,"10")+SUMIFS(MASUK!$E:$E,MASUK!$B:$B,"GOTIK",MASUK!$C:$C,"butter yellow",MASUK!$D:$D,"10")+SO!M83 -> 0 | N80: =-SUMIFS(KELUAR!$E:$E,KELUAR!$B:$B,"GOTIK",KELUAR!$C:$C,"butter yellow",KELUAR!$D:$D,"12")+SUMIFS(MASUK!$E:$E,MASUK!$B:$B,"GOTIK",MASUK!$C:$C,"butter yellow",MASUK!$D:$D,"12")+SO!N83 -> 0 | O80: =-SUMIFS(KELUAR!$E:$E,KELUAR!$B:$B,"GOTIK",KELUAR!$C:$C,"butter yellow",KELUAR!$D:$D,"14")+SUMIFS(MASUK!$E:$E,MASUK!$B:$B,"GOTIK",MASUK!$C:$C,"butter yellow",MASUK!$D:$D,"14")+SO!O83 -> 0 | P80: =SUM(J80:O80) -> 0
J81: =-SUMIFS(KELUAR!$E:$E,KELUAR!$B:$B,"GOTIK",KELUAR!$C:$C,"butter yellow",KELUAR!$D:$D,"4")+SUMIFS(MASUK!$E:$E,MASUK!$B:$B,"GOTIK",MASUK!$C:$C,"butter yellow",MASUK!$D:$D,"4")+SO!J84 -> 0 | K81: =-SUMIFS(KELUAR!$E:$E,KELUAR!$B:$B,"GOTIK",KELUAR!$C:$C,"butter yellow",KELUAR!$D:$D,"6")+SUMIFS(MASUK!$E:$E,MASUK!$B:$B,"GOTIK",MASUK!$C:$C,"butter yellow",MASUK!$D:$D,"6")+SO!K84 -> 0 | L81: =-SUMIFS(KELUAR!$E:$E,KELUAR!$B:$B,"GOTIK",KELUAR!$C:$C,"butter yellow",KELUAR!$D:$D,"8")+SUMIFS(MASUK!$E:$E,MASUK!$B:$B,"GOTIK",MASUK!$C:$C,"butter yellow",MASUK!$D:$D,"8")+SO!L84 -> 0 | M81: =-SUMIFS(KELUAR!$E:$E,KELUAR!$B:$B,"GOTIK",KELUAR!$C:$C,"butter yellow",KELUAR!$D:$D,"10")+SUMIFS(MASUK!$E:$E,MASUK!$B:$B,"GOTIK",MASUK!$C:$C,"butter yellow",MASUK!$D:$D,"10")+SO!M84 -> 0 | N81: =-SUMIFS(KELUAR!$E:$E,KELUAR!$B:$B,"GOTIK",KELUAR!$C:$C,"butter yellow",KELUAR!$D:$D,"12")+SUMIFS(MASUK!$E:$E,MASUK!$B:$B,"GOTIK",MASUK!$C:$C,"butter yellow",MASUK!$D:$D,"12")+SO!N84 -> 0 | O81: =-SUMIFS(KELUAR!$E:$E,KELUAR!$B:$B,"GOTIK",KELUAR!$C:$C,"butter yellow",KELUAR!$D:$D,"14")+SUMIFS(MASUK!$E:$E,MASUK!$B:$B,"GOTIK",MASUK!$C:$C,"butter yellow",MASUK!$D:$D,"14")+SO!O84 -> 0 | P81: =SUM(J81:O81) -> 0
J82: =-SUMIFS(KELUAR!$E:$E,KELUAR!$B:$B,"GOTIK",KELUAR!$C:$C,"butter yellow",KELUAR!$D:$D,"4")+SUMIFS(MASUK!$E:$E,MASUK!$B:$B,"GOTIK",MASUK!$C:$C,"butter yellow",MASUK!$D:$D,"4")+SO!J85 -> 0 | K82: =-SUMIFS(KELUAR!$E:$E,KELUAR!$B:$B,"GOTIK",KELUAR!$C:$C,"butter yellow",KELUAR!$D:$D,"6")+SUMIFS(MASUK!$E:$E,MASUK!$B:$B,"GOTIK",MASUK!$C:$C,"butter yellow",MASUK!$D:$D,"6")+SO!K85 -> 0 | L82: =-SUMIFS(KELUAR!$E:$E,KELUAR!$B:$B,"GOTIK",KELUAR!$C:$C,"butter yellow",KELUAR!$D:$D,"8")+SUMIFS(MASUK!$E:$E,MASUK!$B:$B,"GOTIK",MASUK!$C:$C,"butter yellow",MASUK!$D:$D,"8")+SO!L85 -> 0 | M82: =-SUMIFS(KELUAR!$E:$E,KELUAR!$B:$B,"GOTIK",KELUAR!$C:$C,"butter yellow",KELUAR!$D:$D,"10")+SUMIFS(MASUK!$E:$E,MASUK!$B:$B,"GOTIK",MASUK!$C:$C,"butter yellow",MASUK!$D:$D,"10")+SO!M85 -> 0 | N82: =-SUMIFS(KELUAR!$E:$E,KELUAR!$B:$B,"GOTIK",KELUAR!$C:$C,"butter yellow",KELUAR!$D:$D,"12")+SUMIFS(MASUK!$E:$E,MASUK!$B:$B,"GOTIK",MASUK!$C:$C,"butter yellow",MASUK!$D:$D,"12")+SO!N85 -> 0 | O82: =-SUMIFS(KELUAR!$E:$E,KELUAR!$B:$B,"GOTIK",KELUAR!$C:$C,"butter yellow",KELUAR!$D:$D,"14")+SUMIFS(MASUK!$E:$E,MASUK!$B:$B,"GOTIK",MASUK!$C:$C,"butter yellow",MASUK!$D:$D,"14")+SO!O85 -> 0 | P82: =SUM(J82:O82) -> 0
O83: JUMLAH | P83: =SUBTOTAL(9,P66:P82) -> 0

Sheet KELUAR
A1: TANGGAL | B1: MODEL | C1: VARIAN | D1: UKURAN | E1: JUMLAH KELUAR

Sheet MASUK
A1: TANGGAL | B1: MODEL | C1: VARIAN | D1: UKURAN | E1: JUMLAH MASUK
